use banchan;

INSERT INTO apt (apt_code, addr, apartment_name, total_units)
VALUES
    ('51005', '경상남도 김해시 관동로27번길 95', '김해 율하 서희스타힐스', 500),
    ('46754', '부산광역시 강서구 녹산산단361로 8', '삼정그린코아 더시티', 1000),
    ('46762', '부산광역시 강서구 명지오션시티10로 17 (명지동, 퀸덤1차아파트)', '퀸덤 1차 에디슨타운', 652),
    ('46764', '부산광역시 강서구 명지오션시티11로 84 (명지동, 롯데캐슬아파트)', '명지 롯데캐슬', 1122),
    ('46763', '부산광역시 강서구 명지오션시티10로 114 (명지동, 삼정그린코아)', '명지 삼정그린코아', 610),
    ('46759', '부산광역시 강서구 신호산단3로 55 (신호동, 윌더하임아파트)', '신호 윌더하임', 671),
    ('46743', '부산광역시 강서구 과학산단2로20번길 69 (지사동, 지사금강펜테리움)', '지사 금강펜테리움', 1111);

# 관지자
INSERT INTO users (user_id, email, password_hash, phone, realname, role, social_type, updated_at, username)
VALUES
    (1, 'admin01@example.com', '1234', '010-1234-5678', '그린코아 관리자1', 'ADMIN', NULL, NOW(), 'admin01'),
    (2, 'admin02@example.com', '1234', '010-2345-6789', '그린코아 관리자2', 'ADMIN', NULL, NOW(), 'admin02'),
    (3, 'admin03@example.com', '1234', '010-3456-7890', '그린코아 관리자3', 'ADMIN', NULL, NOW(), 'admin03');

INSERT INTO users (user_id, email, password_hash, phone, realname, role, social_type, updated_at, username)
VALUES
    (4, 'user04@example.com', '1234', '010-0004-0004', '삼정그린코아 사용자4', 'USER', NULL, NOW(), 'user04'),
    (5, 'user05@example.com', '1234', '010-0005-0005', '삼정그린코아 사용자5', 'USER', NULL, NOW(), 'user05'),
    (6, 'user06@example.com', '1234', '010-0006-0006', '삼정그린코아 사용자6', 'USER', NULL, NOW(), 'user06'),
    (7, 'user07@example.com', '1234', '010-0007-0007', '삼정그린코아 사용자7', 'USER', NULL, NOW(), 'user07'),
    (8, 'user08@example.com', '1234', '010-0008-0008', '삼정그린코아 사용자8', 'USER', NULL, NOW(), 'user08'),
    (9, 'user09@example.com', '1234', '010-0009-0009', '삼정그린코아 사용자9', 'USER', NULL, NOW(), 'user09'),
    (10, 'user10@example.com', '1234', '010-0010-0010', '삼정그린코아 사용자10', 'USER', NULL, NOW(), 'user10'),
    (11, 'user11@example.com', '1234', '010-0011-0011', '삼정그린코아 사용자11', 'USER', NULL, NOW(), 'user11'),
    (12, 'user12@example.com', '1234', '010-0012-0012', '삼정그린코아 사용자12', 'USER', NULL, NOW(), 'user12'),
    (13, 'user13@example.com', '1234', '010-0013-0013', '삼정그린코아 사용자13', 'USER', NULL, NOW(), 'user13'),
    (14, 'user14@example.com', '1234', '010-0014-0014', '삼정그린코아 사용자14', 'USER', NULL, NOW(), 'user14'),
    (15, 'user15@example.com', '1234', '010-0015-0015', '삼정그린코아 사용자15', 'USER', NULL, NOW(), 'user15'),
    (16, 'user16@example.com', '1234', '010-0016-0016', '삼정그린코아 사용자16', 'USER', NULL, NOW(), 'user16'),
    (17, 'user17@example.com', '1234', '010-0017-0017', '삼정그린코아 사용자17', 'USER', NULL, NOW(), 'user17'),
    (18, 'user18@example.com', '1234', '010-0018-0018', '삼정그린코아 사용자18', 'USER', NULL, NOW(), 'user18'),
    (19, 'user19@example.com', '1234', '010-0019-0019', '삼정그린코아 사용자19', 'USER', NULL, NOW(), 'user19'),
    (20, 'user20@example.com', '1234', '010-0020-0020', '삼정그린코아 사용자20', 'USER', NULL, NOW(), 'user20'),
    (21, 'user21@example.com', '1234', '010-0021-0021', '삼정그린코아 사용자21', 'USER', NULL, NOW(), 'user21'),
    (22, 'user22@example.com', '1234', '010-0022-0022', '삼정그린코아 사용자22', 'USER', NULL, NOW(), 'user22'),
    (23, 'user23@example.com', '1234', '010-0023-0023', '삼정그린코아 사용자23', 'USER', NULL, NOW(), 'user23'),
    (24, 'user24@example.com', '1234', '010-0024-0024', '삼정그린코아 사용자24', 'USER', NULL, NOW(), 'user24'),
    (25, 'user25@example.com', '1234', '010-0025-0025', '삼정그린코아 사용자25', 'USER', NULL, NOW(), 'user25'),
    (26, 'user26@example.com', '1234', '010-0026-0026', '삼정그린코아 사용자26', 'USER', NULL, NOW(), 'user26'),
    (27, 'user27@example.com', '1234', '010-0027-0027', '삼정그린코아 사용자27', 'USER', NULL, NOW(), 'user27'),
    (28, 'user28@example.com', '1234', '010-0028-0028', '삼정그린코아 사용자28', 'USER', NULL, NOW(), 'user28'),
    (29, 'user29@example.com', '1234', '010-0029-0029', '삼정그린코아 사용자29', 'USER', NULL, NOW(), 'user29'),
    (30, 'user30@example.com', '1234', '010-0030-0030', '삼정그린코아 사용자30', 'USER', NULL, NOW(), 'user30'),
    (31, 'user31@example.com', '1234', '010-0031-0031', '삼정그린코아 사용자31', 'USER', NULL, NOW(), 'user31'),
    (32, 'user32@example.com', '1234', '010-0032-0032', '삼정그린코아 사용자32', 'USER', NULL, NOW(), 'user32'),
    (33, 'user33@example.com', '1234', '010-0033-0033', '삼정그린코아 사용자33', 'USER', NULL, NOW(), 'user33'),
    (34, 'user34@example.com', '1234', '010-0034-0034', '삼정그린코아 사용자34', 'USER', NULL, NOW(), 'user34'),
    (35, 'user35@example.com', '1234', '010-0035-0035', '삼정그린코아 사용자35', 'USER', NULL, NOW(), 'user35'),
    (36, 'user36@example.com', '1234', '010-0036-0036', '삼정그린코아 사용자36', 'USER', NULL, NOW(), 'user36'),
    (37, 'user37@example.com', '1234', '010-0037-0037', '삼정그린코아 사용자37', 'USER', NULL, NOW(), 'user37'),
    (38, 'user38@example.com', '1234', '010-0038-0038', '삼정그린코아 사용자38', 'USER', NULL, NOW(), 'user38'),
    (39, 'user39@example.com', '1234', '010-0039-0039', '삼정그린코아 사용자39', 'USER', NULL, NOW(), 'user39'),
    (40, 'user40@example.com', '1234', '010-0040-0040', '삼정그린코아 사용자40', 'USER', NULL, NOW(), 'user40'),
    (41, 'user41@example.com', '1234', '010-0041-0041', '삼정그린코아 사용자41', 'USER', NULL, NOW(), 'user41'),
    (42, 'user42@example.com', '1234', '010-0042-0042', '삼정그린코아 사용자42', 'USER', NULL, NOW(), 'user42'),
    (43, 'user43@example.com', '1234', '010-0043-0043', '삼정그린코아 사용자43', 'USER', NULL, NOW(), 'user43'),
    (44, 'user44@example.com', '1234', '010-0044-0044', '삼정그린코아 사용자44', 'USER', NULL, NOW(), 'user44'),
    (45, 'user45@example.com', '1234', '010-0045-0045', '삼정그린코아 사용자45', 'USER', NULL, NOW(), 'user45'),
    (46, 'user46@example.com', '1234', '010-0046-0046', '삼정그린코아 사용자46', 'USER', NULL, NOW(), 'user46'),
    (47, 'user47@example.com', '1234', '010-0047-0047', '삼정그린코아 사용자47', 'USER', NULL, NOW(), 'user47'),
    (48, 'user48@example.com', '1234', '010-0048-0048', '삼정그린코아 사용자48', 'USER', NULL, NOW(), 'user48'),
    (49, 'user49@example.com', '1234', '010-0049-0049', '삼정그린코아 사용자49', 'USER', NULL, NOW(), 'user49'),
    (50, 'user50@example.com', '1234', '010-0050-0050', '삼정그린코아 사용자50', 'USER', NULL, NOW(), 'user50'),
    (51, 'user51@example.com', '1234', '010-0051-0051', '삼정그린코아 사용자51', 'USER', NULL, NOW(), 'user51'),
    (52, 'user52@example.com', '1234', '010-0052-0052', '삼정그린코아 사용자52', 'USER', NULL, NOW(), 'user52'),
    (53, 'user53@example.com', '1234', '010-0053-0053', '삼정그린코아 사용자53', 'USER', NULL, NOW(), 'user53'),
    (54, 'user54@example.com', '1234', '010-0054-0054', '삼정그린코아 사용자54', 'USER', NULL, NOW(), 'user54'),
    (55, 'user55@example.com', '1234', '010-0055-0055', '삼정그린코아 사용자55', 'USER', NULL, NOW(), 'user55'),
    (56, 'user56@example.com', '1234', '010-0056-0056', '삼정그린코아 사용자56', 'USER', NULL, NOW(), 'user56'),
    (57, 'user57@example.com', '1234', '010-0057-0057', '삼정그린코아 사용자57', 'USER', NULL, NOW(), 'user57'),
    (58, 'user58@example.com', '1234', '010-0058-0058', '삼정그린코아 사용자58', 'USER', NULL, NOW(), 'user58'),
    (59, 'user59@example.com', '1234', '010-0059-0059', '삼정그린코아 사용자59', 'USER', NULL, NOW(), 'user59'),
    (60, 'user60@example.com', '1234', '010-0060-0060', '삼정그린코아 사용자60', 'USER', NULL, NOW(), 'user60'),
    (61, 'user61@example.com', '1234', '010-0061-0061', '삼정그린코아 사용자61', 'USER', NULL, NOW(), 'user61'),
    (62, 'user62@example.com', '1234', '010-0062-0062', '삼정그린코아 사용자62', 'USER', NULL, NOW(), 'user62'),
    (63, 'user63@example.com', '1234', '010-0063-0063', '삼정그린코아 사용자63', 'USER', NULL, NOW(), 'user63'),
    (64, 'user64@example.com', '1234', '010-0064-0064', '삼정그린코아 사용자64', 'USER', NULL, NOW(), 'user64'),
    (65, 'user65@example.com', '1234', '010-0065-0065', '삼정그린코아 사용자65', 'USER', NULL, NOW(), 'user65'),
    (66, 'user66@example.com', '1234', '010-0066-0066', '삼정그린코아 사용자66', 'USER', NULL, NOW(), 'user66'),
    (67, 'user67@example.com', '1234', '010-0067-0067', '삼정그린코아 사용자67', 'USER', NULL, NOW(), 'user67'),
    (68, 'user68@example.com', '1234', '010-0068-0068', '삼정그린코아 사용자68', 'USER', NULL, NOW(), 'user68'),
    (69, 'user69@example.com', '1234', '010-0069-0069', '삼정그린코아 사용자69', 'USER', NULL, NOW(), 'user69'),
    (70, 'user70@example.com', '1234', '010-0070-0070', '삼정그린코아 사용자70', 'USER', NULL, NOW(), 'user70'),
    (71, 'user71@example.com', '1234', '010-0071-0071', '삼정그린코아 사용자71', 'USER', NULL, NOW(), 'user71'),
    (72, 'user72@example.com', '1234', '010-0072-0072', '삼정그린코아 사용자72', 'USER', NULL, NOW(), 'user72'),
    (73, 'user73@example.com', '1234', '010-0073-0073', '삼정그린코아 사용자73', 'USER', NULL, NOW(), 'user73'),
    (74, 'user74@example.com', '1234', '010-0074-0074', '삼정그린코아 사용자74', 'USER', NULL, NOW(), 'user74'),
    (75, 'user75@example.com', '1234', '010-0075-0075', '삼정그린코아 사용자75', 'USER', NULL, NOW(), 'user75'),
    (76, 'user76@example.com', '1234', '010-0076-0076', '삼정그린코아 사용자76', 'USER', NULL, NOW(), 'user76'),
    (77, 'user77@example.com', '1234', '010-0077-0077', '삼정그린코아 사용자77', 'USER', NULL, NOW(), 'user77'),
    (78, 'user78@example.com', '1234', '010-0078-0078', '삼정그린코아 사용자78', 'USER', NULL, NOW(), 'user78'),
    (79, 'user79@example.com', '1234', '010-0079-0079', '삼정그린코아 사용자79', 'USER', NULL, NOW(), 'user79'),
    (80, 'user80@example.com', '1234', '010-0080-0080', '삼정그린코아 사용자80', 'USER', NULL, NOW(), 'user80');


INSERT INTO user_apt (building_no, is_granted, unit_no, apt_code, user_id)
VALUES
    ('A1', 1, '101', '46754', 1),
    ('A2', 1, '101', '46754', 2),
    ('B1', 1, '101', '46754', 3),
    ('B2', 1, '102', '46754', 4),
    ('C1', 1, '103', '46754', 5),
    ('C2', 1, '104', '46754', 6),
    ('D1', 1, '105', '46754', 7),
    ('D2', 1, '106', '46754', 8),
    ('E1', 1, '107', '46754', 9),
    ('E2', 1, '108', '46754', 10),
    ('F1', 1, '109', '46754', 11),
    ('F2', 1, '110', '46754', 12),
    ('G1', 1, '111', '46754', 13),
    ('G2', 1, '112', '46754', 14),
    ('H1', 1, '113', '46754', 15),
    ('H2', 1, '114', '46754', 16),
    ('I1', 1, '115', '46754', 17),
    ('I2', 1, '116', '46754', 18),
    ('J1', 1, '117', '46754', 19),
    ('J2', 1, '118', '46754', 20),
    ('K1', 1, '119', '46754', 21),
    ('K2', 1, '120', '46754', 22),
    ('L1', 1, '121', '46754', 23),
    ('L2', 1, '122', '46754', 24),
    ('M1', 1, '123', '46754', 25),
    ('M2', 1, '124', '46754', 26),
    ('N1', 1, '125', '46754', 27),
    ('N2', 1, '126', '46754', 28),
    ('O1', 1, '127', '46754', 29),
    ('O2', 1, '128', '46754', 30),
    ('P1', 1, '129', '46754', 31),
    ('P2', 1, '130', '46754', 32),
    ('Q1', 1, '131', '46754', 33),
    ('Q2', 1, '132', '46754', 34),
    ('R1', 1, '133', '46754', 35),
    ('R2', 1, '134', '46754', 36),
    ('S1', 1, '135', '46754', 37),
    ('S2', 1, '136', '46754', 38),
    ('T1', 1, '137', '46754', 39),
    ('T2', 1, '138', '46754', 40),
    ('U1', 1, '139', '46754', 41),
    ('U2', 1, '140', '46754', 42),
    ('V1', 1, '141', '46754', 43),
    ('V2', 1, '142', '46754', 44),
    ('W1', 1, '143', '46754', 45),
    ('W2', 1, '144', '46754', 46),
    ('X1', 1, '145', '46754', 47),
    ('X2', 1, '146', '46754', 48),
    ('Y1', 1, '147', '46754', 49),
    ('Y2', 1, '148', '46754', 50),
    ('Z1', 1, '149', '46754', 51),
    ('Z2', 1, '150', '46754', 52),
    ('A3', 1, '151', '46754', 53),
    ('A4', 1, '152', '46754', 54),
    ('B3', 1, '153', '46754', 55),
    ('B4', 1, '154', '46754', 56),
    ('C3', 1, '155', '46754', 57),
    ('C4', 1, '156', '46754', 58),
    ('D3', 1, '157', '46754', 59),
    ('D4', 1, '158', '46754', 60),
    ('E3', 1, '159', '46754', 61),
    ('E4', 1, '160', '46754', 62),
    ('F3', 1, '161', '46754', 63),
    ('F4', 1, '162', '46754', 64),
    ('G3', 1, '163', '46754', 65),
    ('G4', 1, '164', '46754', 66),
    ('H3', 1, '165', '46754', 67),
    ('H4', 1, '166', '46754', 68),
    ('I3', 1, '167', '46754', 69),
    ('I4', 1, '168', '46754', 70),
    ('J3', 1, '169', '46754', 71),
    ('J4', 1, '170', '46754', 72),
    ('K3', 1, '171', '46754', 73),
    ('K4', 1, '172', '46754', 74),
    ('L3', 1, '173', '46754', 75),
    ('L4', 1, '174', '46754', 76),
    ('M3', 1, '175', '46754', 77),
    ('M4', 1, '176', '46754', 78),
    ('N3', 1, '177', '46754', 79),
    ('N4', 1, '178', '46754', 80);

INSERT INTO notice (content, title, views, apt_code, user_id, created_at, updated_at)
VALUES
    ('삼정그린코아 더시티 5월 1주차 정기회의 요약 공지입니다.', '삼정그린코아 더시티 5월 1주차 정기회의 요약 공지', 121, '46754', 1, '2024-05-01 10:00:00', '2024-05-01 10:00:00'),
    ('삼정그린코아 아파트 단지 내 방역 작업 일정 안내', '삼정그린코아 단지 내 방역 작업 안내', 110, '46754', 1, '2024-05-04 11:00:00', '2024-05-04 11:00:00'),
    ('삼정그린코아 아파트 주차장 이용 규칙 변경 안내', '삼정그린코아 주차장 이용 규칙 변경 안내', 95, '46754', 1, '2024-05-07 12:00:00', '2024-05-07 12:00:00'),
    ('삼정그린코아 아파트 커뮤니티 센터 운영 시간 변경 안내', '삼정그린코아 커뮤니티 센터 운영 시간 변경 안내', 140, '46754', 1, '2024-05-10 13:00:00', '2024-05-10 13:00:00'),
    ('삼정그린코아 단지 내 CCTV 추가 설치 공사 안내', '삼정그린코아 단지 내 CCTV 추가 설치 안내', 134, '46754', 1, '2024-05-13 14:00:00', '2024-05-13 14:00:00'),
    ('삼정그린코아 아파트 어린이 놀이터 안전 점검 일정', '삼정그린코아 어린이 놀이터 안전 점검 일정', 85, '46754', 1, '2024-05-16 15:00:00', '2024-05-16 15:00:00'),
    ('삼정그린코아 아파트 단지 내 소방 훈련 안내', '삼정그린코아 단지 내 소방 훈련 안내', 155, '46754', 1, '2024-05-19 16:00:00', '2024-05-19 16:00:00'),
    ('삼정그린코아 더시티 6월 2주차 정기회의 요약 공지입니다.', '삼정그린코아 더시티 6월 2주차 정기회의 요약 공지', 121, '46754', 1, '2024-05-22 17:00:00', '2024-05-22 17:00:00'),
    ('삼정그린코아 아파트 입주민 대표 회의 결과 공지', '삼정그린코아 입주민 대표 회의 결과 공지', 190, '46754', 1, '2024-05-25 18:00:00', '2024-05-25 18:00:00'),
    ('삼정그린코아 아파트 가로등 교체 작업 안내', '삼정그린코아 가로등 교체 작업 안내', 125, '46754', 1, '2024-05-28 19:00:00', '2024-05-28 19:00:00'),
    ('삼정그린코아 아파트 전기 점검 일정 안내', '삼정그린코아 전기 점검 일정 안내', 143, '46754', 1, '2024-06-01 20:00:00', '2024-06-01 20:00:00'),
    ('삼정그린코아 아파트 단지 내 정기 보수 공사 안내', '삼정그린코아 정기 보수 공사 안내', 130, '46754', 1, '2024-06-04 21:00:00', '2024-06-04 21:00:00'),
    ('삼정그린코아 아파트 도로 청소 일정 안내', '삼정그린코아 도로 청소 일정 안내', 80, '46754', 1, '2024-06-07 22:00:00', '2024-06-07 22:00:00'),
    ('삼정그린코아 아파트 단지 내 식재 작업 공지', '삼정그린코아 단지 내 식재 작업 공지', 95, '46754', 1, '2024-06-10 23:00:00', '2024-06-10 23:00:00'),
    ('삼정그린코아 아파트 입주민 대상 안전 교육 안내', '삼정그린코아 입주민 대상 안전 교육 안내', 115, '46754', 1, '2024-06-14 09:00:00', '2024-06-14 09:00:00'),
    ('삼정그린코아 아파트 가스 점검 일정 안내', '삼정그린코아 가스 점검 일정 안내', 123, '46754', 1, '2024-06-17 10:00:00', '2024-06-17 10:00:00'),
    ('삼정그린코아 아파트 수질 검사 결과 보고', '삼정그린코아 수질 검사 결과 보고', 99, '46754', 1, '2024-06-20 11:00:00', '2024-06-20 11:00:00'),
    ('삼정그린코아 아파트 정전 대비 교육 안내', '삼정그린코아 정전 대비 교육 안내', 145, '46754', 1, '2024-06-23 12:00:00', '2024-06-23 12:00:00'),
    ('삼정그린코아 아파트 정원 가꾸기 행사 안내', '삼정그린코아 정원 가꾸기 행사 안내', 105, '46754', 1, '2024-06-26 13:00:00', '2024-06-26 13:00:00'),
    ('삼정그린코아 아파트 입주민을 위한 요가 클래스 안내', '삼정그린코아 입주민 요가 클래스 안내', 85, '46754', 1, '2024-06-29 14:00:00', '2024-06-29 14:00:00'),
    ('삼정그린코아 아파트 단지 내 청소 일정 공지', '삼정그린코아 단지 내 청소 일정 공지', 132, '46754', 1, '2024-07-02 15:00:00', '2024-07-02 15:00:00'),
    ('삼정그린코아 아파트 입주민 헬스장 이용 시간 변경 안내', '삼정그린코아 헬스장 이용 시간 변경 안내', 140, '46754', 1, '2024-07-05 16:00:00', '2024-07-05 16:00:00'),
    ('삼정그린코아 아파트 관리비 납부 기한 안내', '삼정그린코아 관리비 납부 기한 안내', 150, '46754', 1, '2024-07-08 17:00:00', '2024-07-08 17:00:00'),
    ('삼정그린코아 아파트 주차 공간 확장 공사 안내', '삼정그린코아 주차 공간 확장 공사 안내', 165, '46754', 1, '2024-07-11 18:00:00', '2024-07-11 18:00:00'),
    ('삼정그린코아 아파트 입주민 대상 무료 건강검진 안내', '삼정그린코아 무료 건강검진 안내', 178, '46754', 1, '2024-07-14 19:00:00', '2024-07-14 19:00:00'),
    ('삼정그린코아 아파트 단지 내 쓰레기 분리수거 교육 안내', '삼정그린코아 쓰레기 분리수거 교육 안내', 95, '46754', 1, '2024-07-17 20:00:00', '2024-07-17 20:00:00'),
    ('삼정그린코아 아파트 실내 수영장 운영 시간 변경 안내', '삼정그린코아 실내 수영장 운영 시간 변경 안내', 160, '46754', 1, '2024-07-20 21:00:00', '2024-07-20 21:00:00'),
    ('삼정그린코아 아파트 정기 소독 작업 일정 안내', '삼정그린코아 정기 소독 작업 일정 안내', 120, '46754', 1, '2024-07-23 22:00:00', '2024-07-23 22:00:00'),
    ('삼정그린코아 아파트 단지 내 도로 보수 작업 공지', '삼정그린코아 도로 보수 작업 공지', 143, '46754', 1, '2024-07-26 23:00:00', '2024-07-26 23:00:00'),
    ('삼정그린코아 아파트 입주민을 위한 무료 영화 상영 안내', '삼정그린코아 무료 영화 상영 안내', 175, '46754', 1, '2024-07-29 09:00:00', '2024-07-29 09:00:00'),
    ('삼정그린코아 아파트 주차장 보수 공사 일정 안내', '삼정그린코아 주차장 보수 공사 일정 안내', 160, '46754', 1, '2024-08-01 10:00:00', '2024-08-01 10:00:00');


INSERT INTO ask (content, created_at, title, updated_at, views, apt_code, user_id)
VALUES
    ('삼정그린코아 단지 내 주차 문제 개선 요청', NOW(), '주차 문제 개선 요청', NOW(), 15, '46754', 4),
    ('삼정그린코아 놀이터 안전장치 추가 설치 요청', NOW(), '놀이터 안전장치 추가 설치 요청', NOW(), 20, '46754', 5),
    ('삼정그린코아 헬스장 운영 시간 연장 건의', NOW(), '헬스장 운영 시간 연장', NOW(), 30, '46754', 6),
    ('삼정그린코아 아파트 주변 쓰레기 문제 개선 요청', NOW(), '쓰레기 문제 개선 요청', NOW(), 25, '46754', 7),
    ('삼정그린코아 아파트 단지 내 가로등 추가 설치 요청', NOW(), '가로등 추가 설치 요청', NOW(), 18, '46754', 8),
    ('삼정그린코아 정기 소독 작업 요청', NOW(), '정기 소독 작업 요청', NOW(), 22, '46754', 9),
    ('삼정그린코아 커뮤니티 시설 확장 건의', NOW(), '커뮤니티 시설 확장 건의', NOW(), 28, '46754', 10),
    ('삼정그린코아 입주민 위한 문화 프로그램 제안', NOW(), '문화 프로그램 제안', NOW(), 12, '46754', 4),
    ('삼정그린코아 단지 내 조경 개선 요청', NOW(), '조경 개선 요청', NOW(), 16, '46754', 5),
    ('삼정그린코아 쓰레기 분리수거장 청결 유지 요청', NOW(), '분리수거장 청결 유지 요청', NOW(), 14, '46754', 6),
    ('삼정그린코아 피트니스 센터 기구 추가 요청', NOW(), '피트니스 센터 기구 추가 요청', NOW(), 26, '46754', 7),
    ('삼정그린코아 도로 표지판 추가 설치 요청', NOW(), '도로 표지판 추가 설치 요청', NOW(), 19, '46754', 8),
    ('삼정그린코아 아파트 내 애완동물 산책 구역 확보 요청', NOW(), '애완동물 산책 구역 요청', NOW(), 24, '46754', 9),
    ('삼정그린코아 아파트 출입구 보안 강화 요청', NOW(), '출입구 보안 강화 요청', NOW(), 21, '46754', 10),
    ('삼정그린코아 단지 내 자전거 거치대 설치 요청', NOW(), '자전거 거치대 설치 요청', NOW(), 13, '46754', 4),
    ('삼정그린코아 엘리베이터 점검 빈도 증가 요청', NOW(), '엘리베이터 점검 빈도 증가 요청', NOW(), 27, '46754', 5),
    ('삼정그린코아 공용 공간 와이파이 설치 요청', NOW(), '공용 와이파이 설치 요청', NOW(), 29, '46754', 6),
    ('삼정그린코아 아파트 단지 내 도로 포장 요청', NOW(), '단지 내 도로 포장 요청', NOW(), 17, '46754', 7),
    ('삼정그린코아 아파트 도서관 확장 요청', NOW(), '도서관 확장 요청', NOW(), 23, '46754', 8),
    ('삼정그린코아 단지 내 CCTV 추가 설치 요청', NOW(), 'CCTV 추가 설치 요청', NOW(), 31, '46754', 9);

-- vote table
INSERT INTO vote (vote_id, content, created_at, end_date, image_url, is_active, start_date, title, apt_code, created_user)
VALUES
    (1, '단지 내 주차장 확장에 대한 투표입니다.', NOW(), '2024-05-01', '/images/vote1.jpg', 1, '2024-04-28', '주차장 확장 찬반 투표', '46754', 1),
    (2, '커뮤니티 센터 운영 시간 변경에 대한 투표입니다.', NOW(), '2024-05-11', NULL, 1, '2024-05-07', '커뮤니티 센터 운영 시간 변경', '46754', 2),
    (3, '단지 내 조경 개선 프로젝트에 대한 투표입니다.', NOW(), '2024-05-16', '/images/vote2.jpg', 1, '2024-05-14', '조경 개선 프로젝트 찬반 투표', '46754', 3),
    (4, '단지 내 쓰레기 처리 방식에 대한 투표입니다.', NOW(), '2024-05-24', '/images/vote3.jpg', 1, '2024-05-21', '쓰레기 처리 방식 투표', '46754', 4),
    (5, '아파트 보안 시스템 강화에 대한 투표입니다.', NOW(), '2024-05-30', '/images/vote4.jpg', 1, '2024-05-27', '보안 시스템 강화 투표', '46754', 5),
    (6, '주차장 요금 인상에 대한 투표입니다.', NOW(), '2024-06-07', NULL, 1, '2024-06-02', '주차장 요금 인상 투표', '46754', 6),
    (7, '커뮤니티 센터 신규 프로그램 도입에 대한 투표입니다.', NOW(), '2024-06-08', '/images/vote5.jpg', 1, '2024-06-03', '신규 프로그램 도입 투표', '46754', 7),
    (8, '단지 내 놀이터 확장에 대한 투표입니다.', NOW(), '2024-06-14', '/images/vote6.jpg', 1, '2024-06-11', '놀이터 확장 투표', '46754', 8),
    (9, '아파트 단지 내 상가 신설에 대한 투표입니다.', NOW(), '2024-07-21', '/images/vote7.jpg', 1, '2024-07-14', '상가 신설 투표', '46754', 9),
    (10, '공용 자전거 보관소 설치에 대한 투표입니다.', NOW(), '2024-08-16', '/images/vote8.jpg', 1, '2024-08-14', '자전거 보관소 설치 투표', '46754', 10);

-- vote_question table
INSERT INTO vote_question (vote_question_id, question_text, vote_id)
VALUES
    (1, '주차장 확장에 찬성하십니까?', 1),
    (2, '주차장 확장의 필요성에 대해 어떻게 생각하십니까?', 1),
    (3, '확장 시 우선 고려되어야 할 요소는 무엇입니까?', 1),
    (4, '커뮤니티 센터 운영 시간 변경에 찬성하십니까?', 2),
    (5, '변경 시 추가 비용이 발생할 경우 지불할 의향이 있습니까?', 2),
    (6, '조경 개선 프로젝트에 찬성하십니까?', 3),
    (7, '조경 개선 시 가장 중요한 요소는 무엇입니까?', 3),
    (8, '쓰레기 처리 방식을 개선할 필요가 있다고 생각하십니까?', 4),
    (9, '쓰레기 처리 방식 중 어떤 방식을 선호하십니까?', 4),
    (10, '보안 시스템 강화를 위해 추가 비용을 지불할 의향이 있습니까?', 5),
    (11, '보안 시스템 강화가 필요한 이유는 무엇입니까?', 5),
    (12, '주차장 요금 인상에 대해 어떻게 생각하십니까?', 6),
    (13, '요금 인상이 필요한 이유는 무엇입니까?', 6),
    (14, '커뮤니티 센터 신규 프로그램 도입에 찬성하십니까?', 7),
    (15, '어떤 신규 프로그램을 원하십니까?', 7),
    (16, '프로그램 도입 시 우선적으로 고려할 사항은 무엇입니까?', 7),
    (17, '놀이터 확장 계획에 대해 어떻게 생각하십니까?', 8),
    (18, '확장 시 중요하게 고려해야 할 요소는 무엇입니까?', 8),
    (19, '상가 신설에 찬성하십니까?', 9),
    (20, '상가 신설 시 제공되었으면 하는 서비스는 무엇입니까?', 9),
    (21, '공용 자전거 보관소 설치를 원하십니까?', 10),
    (22, '자전거 보관소 설치 시 우선적으로 고려할 사항은 무엇입니까?', 10);

-- vote_option table
INSERT INTO vote_option (vote_option_id, option_text, question_id)
VALUES
    (1, '찬성', 1),
    (2, '반대', 1),
    (3, '매우 필요하다', 2),
    (4, '어느 정도 필요하다', 2),
    (5, '필요하지 않다', 2),
    (6, '주차 공간 확보', 3),
    (7, '보안 강화', 3),
    (8, '편의성 증대', 3),
    (9, '비용 부담', 4),
    (10, '찬성', 5),
    (11, '반대', 5),
    (12, '찬성', 6),
    (13, '반대', 6),
    (14, '식물 종류 다양화', 7),
    (15, '녹지 공간 확대', 7),
    (16, '유지 보수 강화', 7),
    (17, '찬성', 8),
    (18, '반대', 8),
    (19, '음식물 쓰레기', 9),
    (20, '일반 쓰레기', 9),
    (21, '재활용 쓰레기', 9),
    (22, '찬성', 10),
    (23, '반대', 10),
    (24, '매우 찬성', 11),
    (25, '찬성', 11),
    (26, '반대', 11),
    (27, '매우 반대', 11),
    (28, '인상에 찬성', 12),
    (29, '인상에 반대', 12),
    (30, '인상 여부에 상관없음', 12),
    (31, '공간 부족', 13),
    (32, '비용 부담', 13),
    (33, '환경 보호', 13),
    (34, '찬성', 14),
    (35, '반대', 14),
    (36, '요가', 15),
    (37, '헬스', 15),
    (38, '수영', 15),
    (39, '필라테스', 15),
    (40, '프로그램 접근성', 16),
    (41, '비용 부담', 16),
    (42, '강사 수준', 16),
    (43, '찬성', 17),
    (44, '반대', 17),
    (45, '놀이기구 추가', 18),
    (46, '안전 시설 강화', 18),
    (47, '주차장과의 거리 조정', 18),
    (48, '찬성', 19),
    (49, '반대', 19),
    (50, '카페', 20),
    (51, '식료품점', 20),
    (52, '피트니스 센터', 20),
    (53, '세탁소', 20),
    (54, '찬성', 21),
    (55, '반대', 21),
    (56, '보관소 접근성', 22),
    (57, '보안 시스템', 22),
    (58, '공간 부족 해결', 22);

-- vote_participant table
INSERT INTO vote_participant (is_voted, user_id, vote_id)
VALUES
    -- 투표 1: 60% 참여 (48명)
    (1, 1, 1), (1, 2, 1), (1, 3, 1), (1, 4, 1), (1, 5, 1), (1, 6, 1), (1, 7, 1), (1, 8, 1), (1, 9, 1), (1, 10, 1),
    (1, 11, 1), (1, 12, 1), (1, 13, 1), (1, 14, 1), (1, 15, 1), (1, 16, 1), (1, 17, 1), (1, 18, 1), (1, 19, 1), (1, 20, 1),
    (1, 21, 1), (1, 22, 1), (1, 23, 1), (1, 24, 1), (1, 25, 1), (1, 26, 1), (1, 27, 1), (1, 28, 1), (1, 29, 1), (1, 30, 1),
    (1, 31, 1), (1, 32, 1), (1, 33, 1), (1, 34, 1), (1, 35, 1), (1, 36, 1), (1, 37, 1), (1, 38, 1), (1, 39, 1), (1, 40, 1),
    (1, 41, 1), (1, 42, 1), (1, 43, 1), (1, 44, 1), (1, 45, 1), (1, 46, 1), (1, 47, 1), (1, 48, 1),

    -- 투표 2: 75% 참여 (60명)
    (1, 1, 2), (1, 2, 2), (1, 3, 2), (1, 4, 2), (1, 5, 2), (1, 6, 2), (1, 7, 2), (1, 8, 2), (1, 9, 2), (1, 10, 2),
    (1, 11, 2), (1, 12, 2), (1, 13, 2), (1, 14, 2), (1, 15, 2), (1, 16, 2), (1, 17, 2), (1, 18, 2), (1, 19, 2), (1, 20, 2),
    (1, 21, 2), (1, 22, 2), (1, 23, 2), (1, 24, 2), (1, 25, 2), (1, 26, 2), (1, 27, 2), (1, 28, 2), (1, 29, 2), (1, 30, 2),
    (1, 31, 2), (1, 32, 2), (1, 33, 2), (1, 34, 2), (1, 35, 2), (1, 36, 2), (1, 37, 2), (1, 38, 2), (1, 39, 2), (1, 40, 2),
    (1, 41, 2), (1, 42, 2), (1, 43, 2), (1, 44, 2), (1, 45, 2), (1, 46, 2), (1, 47, 2), (1, 48, 2), (1, 49, 2), (1, 50, 2),
    (1, 51, 2), (1, 52, 2), (1, 53, 2), (1, 54, 2), (1, 55, 2), (1, 56, 2), (1, 57, 2), (1, 58, 2), (1, 59, 2), (1, 60, 2),

    -- 투표 3: 80% 참여 (64명)
    (1, 1, 3), (1, 2, 3), (1, 3, 3), (1, 4, 3), (1, 5, 3), (1, 6, 3), (1, 7, 3), (1, 8, 3), (1, 9, 3), (1, 10, 3),
    (1, 11, 3), (1, 12, 3), (1, 13, 3), (1, 14, 3), (1, 15, 3), (1, 16, 3), (1, 17, 3), (1, 18, 3), (1, 19, 3), (1, 20, 3),
    (1, 21, 3), (1, 22, 3), (1, 23, 3), (1, 24, 3), (1, 25, 3), (1, 26, 3), (1, 27, 3), (1, 28, 3), (1, 29, 3), (1, 30, 3),
    (1, 31, 3), (1, 32, 3), (1, 33, 3), (1, 34, 3), (1, 35, 3), (1, 36, 3), (1, 37, 3), (1, 38, 3), (1, 39, 3), (1, 40, 3),
    (1, 41, 3), (1, 42, 3), (1, 43, 3), (1, 44, 3), (1, 45, 3), (1, 46, 3), (1, 47, 3), (1, 48, 3), (1, 49, 3), (1, 50, 3),
    (1, 51, 3), (1, 52, 3), (1, 53, 3), (1, 54, 3), (1, 55, 3), (1, 56, 3), (1, 57, 3), (1, 58, 3), (1, 59, 3), (1, 60, 3),
    (1, 61, 3), (1, 62, 3), (1, 63, 3), (1, 64, 3),

    -- 투표 4: 65% 참여 (52명)
    (1, 1, 4), (1, 2, 4), (1, 3, 4), (1, 4, 4), (1, 5, 4), (1, 6, 4), (1, 7, 4), (1, 8, 4), (1, 9, 4), (1, 10, 4),
    (1, 11, 4), (1, 12, 4), (1, 13, 4), (1, 14, 4), (1, 15, 4), (1, 16, 4), (1, 17, 4), (1, 18, 4), (1, 19, 4), (1, 20, 4),
    (1, 21, 4), (1, 22, 4), (1, 23, 4), (1, 24, 4), (1, 25, 4), (1, 26, 4), (1, 27, 4), (1, 28, 4), (1, 29, 4), (1, 30, 4),
    (1, 31, 4), (1, 32, 4), (1, 33, 4), (1, 34, 4), (1, 35, 4), (1, 36, 4), (1, 37, 4), (1, 38, 4), (1, 39, 4), (1, 40, 4),
    (1, 41, 4), (1, 42, 4), (1, 43, 4), (1, 44, 4), (1, 45, 4), (1, 46, 4), (1, 47, 4), (1, 48, 4), (1, 49, 4), (1, 50, 4),
    (1, 51, 4), (1, 52, 4),

    -- 투표 5: 90% 참여 (72명)
    (1, 1, 5), (1, 2, 5), (1, 3, 5), (1, 4, 5), (1, 5, 5), (1, 6, 5), (1, 7, 5), (1, 8, 5), (1, 9, 5), (1, 10, 5),
    (1, 11, 5), (1, 12, 5), (1, 13, 5), (1, 14, 5), (1, 15, 5), (1, 16, 5), (1, 17, 5), (1, 18, 5), (1, 19, 5), (1, 20, 5),
    (1, 21, 5), (1, 22, 5), (1, 23, 5), (1, 24, 5), (1, 25, 5), (1, 26, 5), (1, 27, 5), (1, 28, 5), (1, 29, 5), (1, 30, 5),
    (1, 31, 5), (1, 32, 5), (1, 33, 5), (1, 34, 5), (1, 35, 5), (1, 36, 5), (1, 37, 5), (1, 38, 5), (1, 39, 5), (1, 40, 5),
    (1, 41, 5), (1, 42, 5), (1, 43, 5), (1, 44, 5), (1, 45, 5), (1, 46, 5), (1, 47, 5), (1, 48, 5), (1, 49, 5), (1, 50, 5),
    (1, 51, 5), (1, 52, 5), (1, 53, 5), (1, 54, 5), (1, 55, 5), (1, 56, 5), (1, 57, 5), (1, 58, 5), (1, 59, 5), (1, 60, 5),
    (1, 61, 5), (1, 62, 5), (1, 63, 5), (1, 64, 5), (1, 65, 5), (1, 66, 5), (1, 67, 5), (1, 68, 5), (1, 69, 5), (1, 70, 5),
    (1, 71, 5), (1, 72, 5),

    -- 투표 6: 70% 참여 (56명)
    (1, 1, 6), (1, 2, 6), (1, 3, 6), (1, 4, 6), (1, 5, 6), (1, 6, 6), (1, 7, 6), (1, 8, 6), (1, 9, 6), (1, 10, 6),
    (1, 11, 6), (1, 12, 6), (1, 13, 6), (1, 14, 6), (1, 15, 6), (1, 16, 6), (1, 17, 6), (1, 18, 6), (1, 19, 6), (1, 20, 6),
    (1, 21, 6), (1, 22, 6), (1, 23, 6), (1, 24, 6), (1, 25, 6), (1, 26, 6), (1, 27, 6), (1, 28, 6), (1, 29, 6), (1, 30, 6),
    (1, 31, 6), (1, 32, 6), (1, 33, 6), (1, 34, 6), (1, 35, 6), (1, 36, 6), (1, 37, 6), (1, 38, 6), (1, 39, 6), (1, 40, 6),
    (1, 41, 6), (1, 42, 6), (1, 43, 6), (1, 44, 6), (1, 45, 6), (1, 46, 6), (1, 47, 6), (1, 48, 6), (1, 49, 6), (1, 50, 6),
    (1, 51, 6), (1, 52, 6), (1, 53, 6), (1, 54, 6), (1, 55, 6), (1, 56, 6),

    -- 투표 7: 85% 참여 (68명)
    (1, 1, 7), (1, 2, 7), (1, 3, 7), (1, 4, 7), (1, 5, 7), (1, 6, 7), (1, 7, 7), (1, 8, 7), (1, 9, 7), (1, 10, 7),
    (1, 11, 7), (1, 12, 7), (1, 13, 7), (1, 14, 7), (1, 15, 7), (1, 16, 7), (1, 17, 7), (1, 18, 7), (1, 19, 7), (1, 20, 7),
    (1, 21, 7), (1, 22, 7), (1, 23, 7), (1, 24, 7), (1, 25, 7), (1, 26, 7), (1, 27, 7), (1, 28, 7), (1, 29, 7), (1, 30, 7),
    (1, 31, 7), (1, 32, 7), (1, 33, 7), (1, 34, 7), (1, 35, 7), (1, 36, 7), (1, 37, 7), (1, 38, 7), (1, 39, 7), (1, 40, 7),
    (1, 41, 7), (1, 42, 7), (1, 43, 7), (1, 44, 7), (1, 45, 7), (1, 46, 7), (1, 47, 7), (1, 48, 7), (1, 49, 7), (1, 50, 7),
    (1, 51, 7), (1, 52, 7), (1, 53, 7), (1, 54, 7), (1, 55, 7), (1, 56, 7), (1, 57, 7), (1, 58, 7), (1, 59, 7), (1, 60, 7),
    (1, 61, 7), (1, 62, 7), (1, 63, 7), (1, 64, 7), (1, 65, 7), (1, 66, 7), (1, 67, 7), (1, 68, 7),

    -- 투표 8: 60% 참여 (48명)
    (1, 1, 8), (1, 2, 8), (1, 3, 8), (1, 4, 8), (1, 5, 8), (1, 6, 8), (1, 7, 8), (1, 8, 8), (1, 9, 8), (1, 10, 8),
    (1, 11, 8), (1, 12, 8), (1, 13, 8), (1, 14, 8), (1, 15, 8), (1, 16, 8), (1, 17, 8), (1, 18, 8), (1, 19, 8), (1, 20, 8),
    (1, 21, 8), (1, 22, 8), (1, 23, 8), (1, 24, 8), (1, 25, 8), (1, 26, 8), (1, 27, 8), (1, 28, 8), (1, 29, 8), (1, 30, 8),
    (1, 31, 8), (1, 32, 8), (1, 33, 8), (1, 34, 8), (1, 35, 8), (1, 36, 8), (1, 37, 8), (1, 38, 8), (1, 39, 8), (1, 40, 8),
    (1, 41, 8), (1, 42, 8), (1, 43, 8), (1, 44, 8), (1, 45, 8), (1, 46, 8), (1, 47, 8), (1, 48, 8),

    -- 투표 9: 95% 참여 (76명)
    (1, 1, 9), (1, 2, 9), (1, 3, 9), (1, 4, 9), (1, 5, 9), (1, 6, 9), (1, 7, 9), (1, 8, 9), (1, 9, 9), (1, 10, 9),
    (1, 11, 9), (1, 12, 9), (1, 13, 9), (1, 14, 9), (1, 15, 9), (1, 16, 9), (1, 17, 9), (1, 18, 9), (1, 19, 9), (1, 20, 9),
    (1, 21, 9), (1, 22, 9), (1, 23, 9), (1, 24, 9), (1, 25, 9), (1, 26, 9), (1, 27, 9), (1, 28, 9), (1, 29, 9), (1, 30, 9),
    (1, 31, 9), (1, 32, 9), (1, 33, 9), (1, 34, 9), (1, 35, 9), (1, 36, 9), (1, 37, 9), (1, 38, 9), (1, 39, 9), (1, 40, 9),
    (1, 41, 9), (1, 42, 9), (1, 43, 9), (1, 44, 9), (1, 45, 9), (1, 46, 9), (1, 47, 9), (1, 48, 9), (1, 49, 9), (1, 50, 9),
    (1, 51, 9), (1, 52, 9), (1, 53, 9), (1, 54, 9), (1, 55, 9), (1, 56, 9), (1, 57, 9), (1, 58, 9), (1, 59, 9), (1, 60, 9),
    (1, 61, 9), (1, 62, 9), (1, 63, 9), (1, 64, 9), (1, 65, 9), (1, 66, 9), (1, 67, 9), (1, 68, 9), (1, 69, 9), (1, 70, 9),
    (1, 71, 9), (1, 72, 9), (1, 73, 9), (1, 74, 9), (1, 75, 9), (1, 76, 9),

    -- 투표 10: 70% 참여 (56명)
    (1, 1, 10), (1, 2, 10), (1, 3, 10), (1, 4, 10), (1, 5, 10), (1, 6, 10), (1, 7, 10), (1, 8, 10), (1, 9, 10), (1, 10, 10),
    (1, 11, 10), (1, 12, 10), (1, 13, 10), (1, 14, 10), (1, 15, 10), (1, 16, 10), (1, 17, 10), (1, 18, 10), (1, 19, 10), (1, 20, 10),
    (1, 21, 10), (1, 22, 10), (1, 23, 10), (1, 24, 10), (1, 25, 10), (1, 26, 10), (1, 27, 10), (1, 28, 10), (1, 29, 10), (1, 30, 10),
    (1, 31, 10), (1, 32, 10), (1, 33, 10), (1, 34, 10), (1, 35, 10), (1, 36, 10), (1, 37, 10), (1, 38, 10), (1, 39, 10), (1, 40, 10),
    (1, 41, 10), (1, 42, 10), (1, 43, 10), (1, 44, 10), (1, 45, 10), (1, 46, 10), (1, 47, 10), (1, 48, 10), (1, 49, 10), (1, 50, 10),
    (1, 51, 10), (1, 52, 10), (1, 53, 10), (1, 54, 10), (1, 55, 10), (1, 56, 10);

-- 투표 1: 질문 3개에 대한 결과 (48명의 참여자)
INSERT INTO vote_res (vote_date, user_id, vote_id, option_id, question_id)
VALUES
-- question_id 1: 편향된 결과 (찬성 75%, 반대 25%)
(NOW(), 1, 1, 1, 1), (NOW(), 2, 1, 1, 1), (NOW(), 3, 1, 1, 1), (NOW(), 4, 1, 2, 1),
(NOW(), 5, 1, 1, 1), (NOW(), 6, 1, 1, 1), (NOW(), 7, 1, 2, 1), (NOW(), 8, 1, 1, 1),
(NOW(), 9, 1, 1, 1), (NOW(), 10, 1, 1, 1), (NOW(), 11, 1, 1, 1), (NOW(), 12, 1, 2, 1),
(NOW(), 13, 1, 1, 1), (NOW(), 14, 1, 1, 1), (NOW(), 15, 1, 1, 1), (NOW(), 16, 1, 2, 1),
(NOW(), 17, 1, 1, 1), (NOW(), 18, 1, 1, 1), (NOW(), 19, 1, 1, 1), (NOW(), 20, 1, 2, 1),
(NOW(), 21, 1, 1, 1), (NOW(), 22, 1, 1, 1), (NOW(), 23, 1, 1, 1), (NOW(), 24, 1, 2, 1),
(NOW(), 25, 1, 1, 1), (NOW(), 26, 1, 1, 1), (NOW(), 27, 1, 1, 1), (NOW(), 28, 1, 2, 1),
(NOW(), 29, 1, 1, 1), (NOW(), 30, 1, 1, 1), (NOW(), 31, 1, 1, 1), (NOW(), 32, 1, 2, 1),
(NOW(), 33, 1, 1, 1), (NOW(), 34, 1, 1, 1), (NOW(), 35, 1, 1, 1), (NOW(), 36, 1, 2, 1),
(NOW(), 37, 1, 1, 1), (NOW(), 38, 1, 1, 1), (NOW(), 39, 1, 1, 1), (NOW(), 40, 1, 2, 1),
(NOW(), 41, 1, 1, 1), (NOW(), 42, 1, 1, 1), (NOW(), 43, 1, 1, 1), (NOW(), 44, 1, 2, 1),
(NOW(), 45, 1, 1, 1), (NOW(), 46, 1, 1, 1), (NOW(), 47, 1, 1, 1), (NOW(), 48, 1, 2, 1),

-- question_id 2: 골고루 분포된 결과 (매우 필요하다 33%, 어느 정도 필요하다 50%, 필요하지 않다 17%)
(NOW(), 1, 1, 3, 2), (NOW(), 2, 1, 4, 2), (NOW(), 3, 1, 3, 2), (NOW(), 4, 1, 4, 2),
(NOW(), 5, 1, 5, 2), (NOW(), 6, 1, 3, 2), (NOW(), 7, 1, 4, 2), (NOW(), 8, 1, 4, 2),
(NOW(), 9, 1, 3, 2), (NOW(), 10, 1, 4, 2), (NOW(), 11, 1, 3, 2), (NOW(), 12, 1, 4, 2),
(NOW(), 13, 1, 5, 2), (NOW(), 14, 1, 3, 2), (NOW(), 15, 1, 4, 2), (NOW(), 16, 1, 4, 2),
(NOW(), 17, 1, 3, 2), (NOW(), 18, 1, 4, 2), (NOW(), 19, 1, 5, 2), (NOW(), 20, 1, 4, 2),
(NOW(), 21, 1, 3, 2), (NOW(), 22, 1, 4, 2), (NOW(), 23, 1, 3, 2), (NOW(), 24, 1, 4, 2),
(NOW(), 25, 1, 5, 2), (NOW(), 26, 1, 3, 2), (NOW(), 27, 1, 4, 2), (NOW(), 28, 1, 4, 2),
(NOW(), 29, 1, 3, 2), (NOW(), 30, 1, 4, 2), (NOW(), 31, 1, 3, 2), (NOW(), 32, 1, 4, 2),
(NOW(), 33, 1, 5, 2), (NOW(), 34, 1, 3, 2), (NOW(), 35, 1, 4, 2), (NOW(), 36, 1, 4, 2),
(NOW(), 37, 1, 3, 2), (NOW(), 38, 1, 4, 2), (NOW(), 39, 1, 5, 2), (NOW(), 40, 1, 4, 2),
(NOW(), 41, 1, 3, 2), (NOW(), 42, 1, 4, 2), (NOW(), 43, 1, 3, 2), (NOW(), 44, 1, 4, 2),
(NOW(), 45, 1, 5, 2), (NOW(), 46, 1, 3, 2), (NOW(), 47, 1, 4, 2), (NOW(), 48, 1, 4, 2),

-- question_id 3: 편향된 결과 (주차 공간 확보 60%, 보안 강화 25%, 편의성 증대 15%)
(NOW(), 1, 1, 6, 3), (NOW(), 2, 1, 6, 3), (NOW(), 3, 1, 7, 3), (NOW(), 4, 1, 6, 3),
(NOW(), 5, 1, 6, 3), (NOW(), 6, 1, 7, 3), (NOW(), 7, 1, 6, 3), (NOW(), 8, 1, 8, 3),
(NOW(), 9, 1, 6, 3), (NOW(), 10, 1, 7, 3), (NOW(), 11, 1, 6, 3), (NOW(), 12, 1, 8, 3),
(NOW(), 13, 1, 6, 3), (NOW(), 14, 1, 7, 3), (NOW(), 15, 1, 6, 3), (NOW(), 16, 1, 8, 3),
(NOW(), 17, 1, 6, 3), (NOW(), 18, 1, 7, 3), (NOW(), 19, 1, 6, 3), (NOW(), 20, 1, 8, 3),
(NOW(), 21, 1, 6, 3), (NOW(), 22, 1, 7, 3), (NOW(), 23, 1, 6, 3), (NOW(), 24, 1, 8, 3),
(NOW(), 25, 1, 6, 3), (NOW(), 26, 1, 7, 3), (NOW(), 27, 1, 6, 3), (NOW(), 28, 1, 8, 3),
(NOW(), 29, 1, 6, 3), (NOW(), 30, 1, 7, 3), (NOW(), 31, 1, 6, 3), (NOW(), 32, 1, 8, 3),
(NOW(), 33, 1, 6, 3), (NOW(), 34, 1, 7, 3), (NOW(), 35, 1, 6, 3), (NOW(), 36, 1, 8, 3),
(NOW(), 37, 1, 6, 3), (NOW(), 38, 1, 7, 3), (NOW(), 39, 1, 6, 3), (NOW(), 40, 1, 8, 3),
(NOW(), 41, 1, 6, 3), (NOW(), 42, 1, 7, 3), (NOW(), 43, 1, 6, 3), (NOW(), 44, 1, 8, 3),
(NOW(), 45, 1, 6, 3), (NOW(), 46, 1, 7, 3), (NOW(), 47, 1, 6, 3), (NOW(), 48, 1, 8, 3);

-- 투표 2의 질문 2개에 대한 결과 (60명의 참여자)
INSERT INTO vote_res (vote_date, user_id, vote_id, option_id, question_id)
VALUES
-- question_id 4: 편향된 결과 (찬성 80%, 반대 20%)
(NOW(), 1, 2, 9, 4), (NOW(), 2, 2, 10, 4), (NOW(), 3, 2, 9, 4), (NOW(), 4, 2, 10, 4),
(NOW(), 5, 2, 9, 4), (NOW(), 6, 2, 9, 4), (NOW(), 7, 2, 10, 4), (NOW(), 8, 2, 9, 4),
(NOW(), 9, 2, 9, 4), (NOW(), 10, 2, 10, 4), (NOW(), 11, 2, 9, 4), (NOW(), 12, 2, 10, 4),
(NOW(), 13, 2, 9, 4), (NOW(), 14, 2, 9, 4), (NOW(), 15, 2, 9, 4), (NOW(), 16, 2, 10, 4),
(NOW(), 17, 2, 9, 4), (NOW(), 18, 2, 9, 4), (NOW(), 19, 2, 9, 4), (NOW(), 20, 2, 10, 4),
(NOW(), 21, 2, 9, 4), (NOW(), 22, 2, 9, 4), (NOW(), 23, 2, 9, 4), (NOW(), 24, 2, 10, 4),
(NOW(), 25, 2, 9, 4), (NOW(), 26, 2, 9, 4), (NOW(), 27, 2, 9, 4), (NOW(), 28, 2, 10, 4),
(NOW(), 29, 2, 9, 4), (NOW(), 30, 2, 9, 4), (NOW(), 31, 2, 9, 4), (NOW(), 32, 2, 10, 4),
(NOW(), 33, 2, 9, 4), (NOW(), 34, 2, 9, 4), (NOW(), 35, 2, 9, 4), (NOW(), 36, 2, 10, 4),
(NOW(), 37, 2, 9, 4), (NOW(), 38, 2, 9, 4), (NOW(), 39, 2, 9, 4), (NOW(), 40, 2, 10, 4),
(NOW(), 41, 2, 9, 4), (NOW(), 42, 2, 9, 4), (NOW(), 43, 2, 9, 4), (NOW(), 44, 2, 10, 4),
(NOW(), 45, 2, 9, 4), (NOW(), 46, 2, 9, 4), (NOW(), 47, 2, 9, 4), (NOW(), 48, 2, 10, 4),
(NOW(), 49, 2, 9, 4), (NOW(), 50, 2, 9, 4), (NOW(), 51, 2, 9, 4), (NOW(), 52, 2, 10, 4),
(NOW(), 53, 2, 9, 4), (NOW(), 54, 2, 9, 4), (NOW(), 55, 2, 9, 4), (NOW(), 56, 2, 10, 4),
(NOW(), 57, 2, 9, 4), (NOW(), 58, 2, 9, 4), (NOW(), 59, 2, 9, 4), (NOW(), 60, 2, 10, 4),

-- question_id 5: 비슷한 비율로 분포 (찬성 55%, 반대 45%)
(NOW(), 1, 2, 10, 5), (NOW(), 2, 2, 11, 5), (NOW(), 3, 2, 10, 5), (NOW(), 4, 2, 11, 5),
(NOW(), 5, 2, 10, 5), (NOW(), 6, 2, 11, 5), (NOW(), 7, 2, 10, 5), (NOW(), 8, 2, 11, 5),
(NOW(), 9, 2, 10, 5), (NOW(), 10, 2, 11, 5), (NOW(), 11, 2, 10, 5), (NOW(), 12, 2, 11, 5),
(NOW(), 13, 2, 10, 5), (NOW(), 14, 2, 11, 5), (NOW(), 15, 2, 10, 5), (NOW(), 16, 2, 11, 5),
(NOW(), 17, 2, 10, 5), (NOW(), 18, 2, 11, 5), (NOW(), 19, 2, 10, 5), (NOW(), 20, 2, 11, 5),
(NOW(), 21, 2, 10, 5), (NOW(), 22, 2, 11, 5), (NOW(), 23, 2, 10, 5), (NOW(), 24, 2, 11, 5),
(NOW(), 25, 2, 10, 5), (NOW(), 26, 2, 11, 5), (NOW(), 27, 2, 10, 5), (NOW(), 28, 2, 11, 5),
(NOW(), 29, 2, 10, 5), (NOW(), 30, 2, 11, 5), (NOW(), 31, 2, 10, 5), (NOW(), 32, 2, 11, 5),
(NOW(), 33, 2, 10, 5), (NOW(), 34, 2, 11, 5), (NOW(), 35, 2, 10, 5), (NOW(), 36, 2, 11, 5),
(NOW(), 37, 2, 10, 5), (NOW(), 38, 2, 11, 5), (NOW(), 39, 2, 10, 5), (NOW(), 40, 2, 11, 5),
(NOW(), 41, 2, 10, 5), (NOW(), 42, 2, 11, 5), (NOW(), 43, 2, 10, 5), (NOW(), 44, 2, 11, 5),
(NOW(), 45, 2, 10, 5), (NOW(), 46, 2, 11, 5), (NOW(), 47, 2, 10, 5), (NOW(), 48, 2, 11, 5),
(NOW(), 49, 2, 10, 5), (NOW(), 50, 2, 11, 5), (NOW(), 51, 2, 10, 5), (NOW(), 52, 2, 11, 5),
(NOW(), 53, 2, 10, 5), (NOW(), 54, 2, 11, 5), (NOW(), 55, 2, 10, 5), (NOW(), 56, 2, 11, 5),
(NOW(), 57, 2, 10, 5), (NOW(), 58, 2, 11, 5), (NOW(), 59, 2, 10, 5), (NOW(), 60, 2, 11, 5);

-- 투표 3: 질문 2개에 대한 결과 (64명의 참여자)
INSERT INTO vote_res (vote_date, user_id, vote_id, option_id, question_id)
VALUES
-- question_id 6: 편향된 결과 (찬성 70%, 반대 30%)
(NOW(), 1, 3, 12, 6), (NOW(), 2, 3, 13, 6), (NOW(), 3, 3, 12, 6), (NOW(), 4, 3, 13, 6),
(NOW(), 5, 3, 12, 6), (NOW(), 6, 3, 12, 6), (NOW(), 7, 3, 13, 6), (NOW(), 8, 3, 12, 6),
(NOW(), 9, 3, 12, 6), (NOW(), 10, 3, 13, 6), (NOW(), 11, 3, 12, 6), (NOW(), 12, 3, 13, 6),
(NOW(), 13, 3, 12, 6), (NOW(), 14, 3, 13, 6), (NOW(), 15, 3, 12, 6), (NOW(), 16, 3, 13, 6),
(NOW(), 17, 3, 12, 6), (NOW(), 18, 3, 12, 6), (NOW(), 19, 3, 12, 6), (NOW(), 20, 3, 13, 6),
(NOW(), 21, 3, 12, 6), (NOW(), 22, 3, 13, 6), (NOW(), 23, 3, 12, 6), (NOW(), 24, 3, 12, 6),
(NOW(), 25, 3, 12, 6), (NOW(), 26, 3, 13, 6), (NOW(), 27, 3, 12, 6), (NOW(), 28, 3, 13, 6),
(NOW(), 29, 3, 12, 6), (NOW(), 30, 3, 13, 6), (NOW(), 31, 3, 12, 6), (NOW(), 32, 3, 12, 6),
(NOW(), 33, 3, 12, 6), (NOW(), 34, 3, 13, 6), (NOW(), 35, 3, 12, 6), (NOW(), 36, 3, 13, 6),
(NOW(), 37, 3, 12, 6), (NOW(), 38, 3, 13, 6), (NOW(), 39, 3, 12, 6), (NOW(), 40, 3, 12, 6),
(NOW(), 41, 3, 12, 6), (NOW(), 42, 3, 13, 6), (NOW(), 43, 3, 12, 6), (NOW(), 44, 3, 13, 6),
(NOW(), 45, 3, 12, 6), (NOW(), 46, 3, 13, 6), (NOW(), 47, 3, 12, 6), (NOW(), 48, 3, 12, 6),
(NOW(), 49, 3, 12, 6), (NOW(), 50, 3, 13, 6), (NOW(), 51, 3, 12, 6), (NOW(), 52, 3, 13, 6),
(NOW(), 53, 3, 12, 6), (NOW(), 54, 3, 13, 6), (NOW(), 55, 3, 12, 6), (NOW(), 56, 3, 12, 6),
(NOW(), 57, 3, 12, 6), (NOW(), 58, 3, 13, 6), (NOW(), 59, 3, 12, 6), (NOW(), 60, 3, 13, 6),
(NOW(), 61, 3, 12, 6), (NOW(), 62, 3, 13, 6), (NOW(), 63, 3, 12, 6), (NOW(), 64, 3, 12, 6),

-- question_id 7: 편향된 결과 (식물 종류 다양화 65%, 녹지 공간 확대 25%, 유지 보수 강화 10%)
(NOW(), 1, 3, 14, 7), (NOW(), 2, 3, 14, 7), (NOW(), 3, 3, 15, 7), (NOW(), 4, 3, 14, 7),
(NOW(), 5, 3, 14, 7), (NOW(), 6, 3, 14, 7), (NOW(), 7, 3, 15, 7), (NOW(), 8, 3, 16, 7),
(NOW(), 9, 3, 14, 7), (NOW(), 10, 3, 15, 7), (NOW(), 11, 3, 14, 7), (NOW(), 12, 3, 15, 7),
(NOW(), 13, 3, 14, 7), (NOW(), 14, 3, 14, 7), (NOW(), 15, 3, 14, 7), (NOW(), 16, 3, 16, 7),
(NOW(), 17, 3, 14, 7), (NOW(), 18, 3, 15, 7), (NOW(), 19, 3, 14, 7), (NOW(), 20, 3, 16, 7),
(NOW(), 21, 3, 14, 7), (NOW(), 22, 3, 15, 7), (NOW(), 23, 3, 14, 7), (NOW(), 24, 3, 14, 7),
(NOW(), 25, 3, 14, 7), (NOW(), 26, 3, 15, 7), (NOW(), 27, 3, 14, 7), (NOW(), 28, 3, 16, 7),
(NOW(), 29, 3, 14, 7), (NOW(), 30, 3, 16, 7), (NOW(), 31, 3, 14, 7), (NOW(), 32, 3, 15, 7),
(NOW(), 33, 3, 14, 7), (NOW(), 34, 3, 14, 7), (NOW(), 35, 3, 14, 7), (NOW(), 36, 3, 16, 7),
(NOW(), 37, 3, 14, 7), (NOW(), 38, 3, 15, 7), (NOW(), 39, 3, 14, 7), (NOW(), 40, 3, 16, 7),
(NOW(), 41, 3, 14, 7), (NOW(), 42, 3, 15, 7), (NOW(), 43, 3, 14, 7), (NOW(), 44, 3, 14, 7),
(NOW(), 45, 3, 14, 7), (NOW(), 46, 3, 15, 7), (NOW(), 47, 3, 14, 7), (NOW(), 48, 3, 16, 7),
(NOW(), 49, 3, 14, 7), (NOW(), 50, 3, 15, 7), (NOW(), 51, 3, 14, 7), (NOW(), 52, 3, 16, 7),
(NOW(), 53, 3, 14, 7), (NOW(), 54, 3, 14, 7), (NOW(), 55, 3, 14, 7), (NOW(), 56, 3, 16, 7),
(NOW(), 57, 3, 14, 7), (NOW(), 58, 3, 15, 7), (NOW(), 59, 3, 14, 7), (NOW(), 60, 3, 16, 7),
(NOW(), 61, 3, 14, 7), (NOW(), 62, 3, 14, 7), (NOW(), 63, 3, 14, 7), (NOW(), 64, 3, 16, 7);

-- 투표 4: 질문 2개에 대한 결과 (52명의 참여자)
INSERT INTO vote_res (vote_date, user_id, vote_id, option_id, question_id)
VALUES
-- question_id 8: 편향된 결과 (개선 필요 80%, 개선 불필요 20%)
(NOW(), 1, 4, 17, 8), (NOW(), 2, 4, 17, 8), (NOW(), 3, 4, 18, 8), (NOW(), 4, 4, 17, 8),
(NOW(), 5, 4, 17, 8), (NOW(), 6, 4, 17, 8), (NOW(), 7, 4, 18, 8), (NOW(), 8, 4, 17, 8),
(NOW(), 9, 4, 17, 8), (NOW(), 10, 4, 18, 8), (NOW(), 11, 4, 17, 8), (NOW(), 12, 4, 18, 8),
(NOW(), 13, 4, 17, 8), (NOW(), 14, 4, 18, 8), (NOW(), 15, 4, 17, 8), (NOW(), 16, 4, 18, 8),
(NOW(), 17, 4, 17, 8), (NOW(), 18, 4, 18, 8), (NOW(), 19, 4, 17, 8), (NOW(), 20, 4, 18, 8),
(NOW(), 21, 4, 17, 8), (NOW(), 22, 4, 17, 8), (NOW(), 23, 4, 17, 8), (NOW(), 24, 4, 18, 8),
(NOW(), 25, 4, 17, 8), (NOW(), 26, 4, 17, 8), (NOW(), 27, 4, 17, 8), (NOW(), 28, 4, 18, 8),
(NOW(), 29, 4, 17, 8), (NOW(), 30, 4, 18, 8), (NOW(), 31, 4, 17, 8), (NOW(), 32, 4, 17, 8),
(NOW(), 33, 4, 17, 8), (NOW(), 34, 4, 18, 8), (NOW(), 35, 4, 17, 8), (NOW(), 36, 4, 18, 8),
(NOW(), 37, 4, 17, 8), (NOW(), 38, 4, 18, 8), (NOW(), 39, 4, 17, 8), (NOW(), 40, 4, 17, 8),
(NOW(), 41, 4, 17, 8), (NOW(), 42, 4, 18, 8), (NOW(), 43, 4, 17, 8), (NOW(), 44, 4, 18, 8),
(NOW(), 45, 4, 17, 8), (NOW(), 46, 4, 18, 8), (NOW(), 47, 4, 17, 8), (NOW(), 48, 4, 18, 8),
(NOW(), 49, 4, 17, 8), (NOW(), 50, 4, 18, 8), (NOW(), 51, 4, 17, 8), (NOW(), 52, 4, 18, 8),

-- question_id 9: 편향된 결과 (재활용 쓰레기 60%, 음식물 쓰레기 30%, 일반 쓰레기 10%)
(NOW(), 1, 4, 21, 9), (NOW(), 2, 4, 19, 9), (NOW(), 3, 4, 21, 9), (NOW(), 4, 4, 19, 9),
(NOW(), 5, 4, 21, 9), (NOW(), 6, 4, 21, 9), (NOW(), 7, 4, 19, 9), (NOW(), 8, 4, 20, 9),
(NOW(), 9, 4, 21, 9), (NOW(), 10, 4, 19, 9), (NOW(), 11, 4, 21, 9), (NOW(), 12, 4, 20, 9),
(NOW(), 13, 4, 21, 9), (NOW(), 14, 4, 19, 9), (NOW(), 15, 4, 21, 9), (NOW(), 16, 4, 20, 9),
(NOW(), 17, 4, 21, 9), (NOW(), 18, 4, 19, 9), (NOW(), 19, 4, 21, 9), (NOW(), 20, 4, 20, 9),
(NOW(), 21, 4, 21, 9), (NOW(), 22, 4, 19, 9), (NOW(), 23, 4, 21, 9), (NOW(), 24, 4, 20, 9),
(NOW(), 25, 4, 21, 9), (NOW(), 26, 4, 19, 9), (NOW(), 27, 4, 21, 9), (NOW(), 28, 4, 20, 9),
(NOW(), 29, 4, 21, 9), (NOW(), 30, 4, 20, 9), (NOW(), 31, 4, 21, 9), (NOW(), 32, 4, 19, 9),
(NOW(), 33, 4, 21, 9), (NOW(), 34, 4, 20, 9), (NOW(), 35, 4, 21, 9), (NOW(), 36, 4, 19, 9),
(NOW(), 37, 4, 21, 9), (NOW(), 38, 4, 20, 9), (NOW(), 39, 4, 21, 9), (NOW(), 40, 4, 19, 9),
(NOW(), 41, 4, 21, 9), (NOW(), 42, 4, 19, 9), (NOW(), 43, 4, 21, 9), (NOW(), 44, 4, 20, 9),
(NOW(), 45, 4, 21, 9), (NOW(), 46, 4, 19, 9), (NOW(), 47, 4, 21, 9), (NOW(), 48, 4, 20, 9),
(NOW(), 49, 4, 21, 9), (NOW(), 50, 4, 19, 9), (NOW(), 51, 4, 21, 9), (NOW(), 52, 4, 20, 9);

-- 투표 5: 질문 2개에 대한 결과 (72명의 참여자)
INSERT INTO vote_res (vote_date, user_id, vote_id, option_id, question_id)
VALUES
-- question_id 10: 편향된 결과 (찬성 85%, 반대 15%)
(NOW(), 1, 5, 22, 10), (NOW(), 2, 5, 22, 10), (NOW(), 3, 5, 23, 10), (NOW(), 4, 5, 22, 10),
(NOW(), 5, 5, 22, 10), (NOW(), 6, 5, 22, 10), (NOW(), 7, 5, 23, 10), (NOW(), 8, 5, 22, 10),
(NOW(), 9, 5, 22, 10), (NOW(), 10, 5, 23, 10), (NOW(), 11, 5, 22, 10), (NOW(), 12, 5, 23, 10),
(NOW(), 13, 5, 22, 10), (NOW(), 14, 5, 22, 10), (NOW(), 15, 5, 22, 10), (NOW(), 16, 5, 23, 10),
(NOW(), 17, 5, 22, 10), (NOW(), 18, 5, 22, 10), (NOW(), 19, 5, 22, 10), (NOW(), 20, 5, 23, 10),
(NOW(), 21, 5, 22, 10), (NOW(), 22, 5, 22, 10), (NOW(), 23, 5, 22, 10), (NOW(), 24, 5, 23, 10),
(NOW(), 25, 5, 22, 10), (NOW(), 26, 5, 22, 10), (NOW(), 27, 5, 22, 10), (NOW(), 28, 5, 23, 10),
(NOW(), 29, 5, 22, 10), (NOW(), 30, 5, 23, 10), (NOW(), 31, 5, 22, 10), (NOW(), 32, 5, 22, 10),
(NOW(), 33, 5, 22, 10), (NOW(), 34, 5, 23, 10), (NOW(), 35, 5, 22, 10), (NOW(), 36, 5, 23, 10),
(NOW(), 37, 5, 22, 10), (NOW(), 38, 5, 23, 10), (NOW(), 39, 5, 22, 10), (NOW(), 40, 5, 22, 10),
(NOW(), 41, 5, 22, 10), (NOW(), 42, 5, 23, 10), (NOW(), 43, 5, 22, 10), (NOW(), 44, 5, 23, 10),
(NOW(), 45, 5, 22, 10), (NOW(), 46, 5, 23, 10), (NOW(), 47, 5, 22, 10), (NOW(), 48, 5, 23, 10),
(NOW(), 49, 5, 22, 10), (NOW(), 50, 5, 23, 10), (NOW(), 51, 5, 22, 10), (NOW(), 52, 5, 23, 10),
(NOW(), 53, 5, 22, 10), (NOW(), 54, 5, 22, 10), (NOW(), 55, 5, 22, 10), (NOW(), 56, 5, 23, 10),
(NOW(), 57, 5, 22, 10), (NOW(), 58, 5, 23, 10), (NOW(), 59, 5, 22, 10), (NOW(), 60, 5, 23, 10),
(NOW(), 61, 5, 22, 10), (NOW(), 62, 5, 22, 10), (NOW(), 63, 5, 22, 10), (NOW(), 64, 5, 23, 10),
(NOW(), 65, 5, 22, 10), (NOW(), 66, 5, 23, 10), (NOW(), 67, 5, 22, 10), (NOW(), 68, 5, 23, 10),
(NOW(), 69, 5, 22, 10), (NOW(), 70, 5, 23, 10), (NOW(), 71, 5, 22, 10), (NOW(), 72, 5, 23, 10),

-- question_id 11: 편향된 결과 (매우 찬성 70%, 찬성 20%, 반대 10%)
(NOW(), 1, 5, 24, 11), (NOW(), 2, 5, 25, 11), (NOW(), 3, 5, 24, 11), (NOW(), 4, 5, 24, 11),
(NOW(), 5, 5, 24, 11), (NOW(), 6, 5, 24, 11), (NOW(), 7, 5, 25, 11), (NOW(), 8, 5, 24, 11),
(NOW(), 9, 5, 24, 11), (NOW(), 10, 5, 26, 11), (NOW(), 11, 5, 24, 11), (NOW(), 12, 5, 25, 11),
(NOW(), 13, 5, 24, 11), (NOW(), 14, 5, 24, 11), (NOW(), 15, 5, 24, 11), (NOW(), 16, 5, 25, 11),
(NOW(), 17, 5, 24, 11), (NOW(), 18, 5, 24, 11), (NOW(), 19, 5, 24, 11), (NOW(), 20, 5, 26, 11),
(NOW(), 21, 5, 24, 11), (NOW(), 22, 5, 24, 11), (NOW(), 23, 5, 24, 11), (NOW(), 24, 5, 25, 11),
(NOW(), 25, 5, 24, 11), (NOW(), 26, 5, 24, 11), (NOW(), 27, 5, 24, 11), (NOW(), 28, 5, 26, 11),
(NOW(), 29, 5, 24, 11), (NOW(), 30, 5, 24, 11), (NOW(), 31, 5, 24, 11), (NOW(), 32, 5, 25, 11),
(NOW(), 33, 5, 24, 11), (NOW(), 34, 5, 24, 11), (NOW(), 35, 5, 24, 11), (NOW(), 36, 5, 26, 11),
(NOW(), 37, 5, 24, 11), (NOW(), 38, 5, 24, 11), (NOW(), 39, 5, 24, 11), (NOW(), 40, 5, 25, 11),
(NOW(), 41, 5, 24, 11), (NOW(), 42, 5, 24, 11), (NOW(), 43, 5, 24, 11), (NOW(), 44, 5, 26, 11),
(NOW(), 45, 5, 24, 11), (NOW(), 46, 5, 24, 11), (NOW(), 47, 5, 24, 11), (NOW(), 48, 5, 25, 11),
(NOW(), 49, 5, 24, 11), (NOW(), 50, 5, 24, 11), (NOW(), 51, 5, 24, 11), (NOW(), 52, 5, 25, 11),
(NOW(), 53, 5, 24, 11), (NOW(), 54, 5, 24, 11), (NOW(), 55, 5, 24, 11), (NOW(), 56, 5, 26, 11),
(NOW(), 57, 5, 24, 11), (NOW(), 58, 5, 24, 11), (NOW(), 59, 5, 24, 11), (NOW(), 60, 5, 25, 11),
(NOW(), 61, 5, 24, 11), (NOW(), 62, 5, 24, 11), (NOW(), 63, 5, 24, 11), (NOW(), 64, 5, 25, 11),
(NOW(), 65, 5, 24, 11), (NOW(), 66, 5, 24, 11), (NOW(), 67, 5, 24, 11), (NOW(), 68, 5, 26, 11),
(NOW(), 69, 5, 24, 11), (NOW(), 70, 5, 24, 11), (NOW(), 71, 5, 24, 11), (NOW(), 72, 5, 25, 11);

-- 투표 6: 질문 2개에 대한 결과 (56명의 참여자)
INSERT INTO vote_res (vote_date, user_id, vote_id, option_id, question_id)
VALUES
-- question_id 12: 편향된 결과 (인상에 찬성 65%, 인상에 반대 35%)
(NOW(), 1, 6, 28, 12), (NOW(), 2, 6, 29, 12), (NOW(), 3, 6, 28, 12), (NOW(), 4, 6, 29, 12),
(NOW(), 5, 6, 28, 12), (NOW(), 6, 6, 28, 12), (NOW(), 7, 6, 29, 12), (NOW(), 8, 6, 28, 12),
(NOW(), 9, 6, 28, 12), (NOW(), 10, 6, 29, 12), (NOW(), 11, 6, 28, 12), (NOW(), 12, 6, 29, 12),
(NOW(), 13, 6, 28, 12), (NOW(), 14, 6, 29, 12), (NOW(), 15, 6, 28, 12), (NOW(), 16, 6, 29, 12),
(NOW(), 17, 6, 28, 12), (NOW(), 18, 6, 28, 12), (NOW(), 19, 6, 28, 12), (NOW(), 20, 6, 29, 12),
(NOW(), 21, 6, 28, 12), (NOW(), 22, 6, 28, 12), (NOW(), 23, 6, 28, 12), (NOW(), 24, 6, 29, 12),
(NOW(), 25, 6, 28, 12), (NOW(), 26, 6, 28, 12), (NOW(), 27, 6, 28, 12), (NOW(), 28, 6, 29, 12),
(NOW(), 29, 6, 28, 12), (NOW(), 30, 6, 29, 12), (NOW(), 31, 6, 28, 12), (NOW(), 32, 6, 28, 12),
(NOW(), 33, 6, 28, 12), (NOW(), 34, 6, 29, 12), (NOW(), 35, 6, 28, 12), (NOW(), 36, 6, 29, 12),
(NOW(), 37, 6, 28, 12), (NOW(), 38, 6, 29, 12), (NOW(), 39, 6, 28, 12), (NOW(), 40, 6, 28, 12),
(NOW(), 41, 6, 28, 12), (NOW(), 42, 6, 29, 12), (NOW(), 43, 6, 28, 12), (NOW(), 44, 6, 29, 12),
(NOW(), 45, 6, 28, 12), (NOW(), 46, 6, 29, 12), (NOW(), 47, 6, 28, 12), (NOW(), 48, 6, 29, 12),
(NOW(), 49, 6, 28, 12), (NOW(), 50, 6, 29, 12), (NOW(), 51, 6, 28, 12), (NOW(), 52, 6, 29, 12),
(NOW(), 53, 6, 28, 12), (NOW(), 54, 6, 28, 12), (NOW(), 55, 6, 28, 12), (NOW(), 56, 6, 29, 12),

-- question_id 13: 편향된 결과 (공간 부족 50%, 비용 부담 35%, 환경 보호 15%)
(NOW(), 1, 6, 31, 13), (NOW(), 2, 6, 32, 13), (NOW(), 3, 6, 31, 13), (NOW(), 4, 6, 33, 13),
(NOW(), 5, 6, 31, 13), (NOW(), 6, 6, 31, 13), (NOW(), 7, 6, 32, 13), (NOW(), 8, 6, 31, 13),
(NOW(), 9, 6, 31, 13), (NOW(), 10, 6, 33, 13), (NOW(), 11, 6, 31, 13), (NOW(), 12, 6, 32, 13),
(NOW(), 13, 6, 31, 13), (NOW(), 14, 6, 33, 13), (NOW(), 15, 6, 31, 13), (NOW(), 16, 6, 32, 13),
(NOW(), 17, 6, 31, 13), (NOW(), 18, 6, 31, 13), (NOW(), 19, 6, 31, 13), (NOW(), 20, 6, 33, 13),
(NOW(), 21, 6, 31, 13), (NOW(), 22, 6, 31, 13), (NOW(), 23, 6, 31, 13), (NOW(), 24, 6, 32, 13),
(NOW(), 25, 6, 31, 13), (NOW(), 26, 6, 31, 13), (NOW(), 27, 6, 31, 13), (NOW(), 28, 6, 32, 13),
(NOW(), 29, 6, 31, 13), (NOW(), 30, 6, 33, 13), (NOW(), 31, 6, 31, 13), (NOW(), 32, 6, 31, 13),
(NOW(), 33, 6, 31, 13), (NOW(), 34, 6, 32, 13), (NOW(), 35, 6, 31, 13), (NOW(), 36, 6, 33, 13),
(NOW(), 37, 6, 31, 13), (NOW(), 38, 6, 32, 13), (NOW(), 39, 6, 31, 13), (NOW(), 40, 6, 31, 13),
(NOW(), 41, 6, 31, 13), (NOW(), 42, 6, 32, 13), (NOW(), 43, 6, 31, 13), (NOW(), 44, 6, 32, 13),
(NOW(), 45, 6, 31, 13), (NOW(), 46, 6, 33, 13), (NOW(), 47, 6, 31, 13), (NOW(), 48, 6, 32, 13),
(NOW(), 49, 6, 31, 13), (NOW(), 50, 6, 33, 13), (NOW(), 51, 6, 31, 13), (NOW(), 52, 6, 32, 13),
(NOW(), 53, 6, 31, 13), (NOW(), 54, 6, 31, 13), (NOW(), 55, 6, 31, 13), (NOW(), 56, 6, 33, 13);

-- 투표 7: 질문 3개에 대한 결과 (68명의 참여자)
INSERT INTO vote_res (vote_date, user_id, vote_id, option_id, question_id)
VALUES
-- question_id 14: 편향된 결과 (찬성 75%, 반대 25%)
(NOW(), 1, 7, 34, 14), (NOW(), 2, 7, 35, 14), (NOW(), 3, 7, 34, 14), (NOW(), 4, 7, 35, 14),
(NOW(), 5, 7, 34, 14), (NOW(), 6, 7, 34, 14), (NOW(), 7, 7, 35, 14), (NOW(), 8, 7, 34, 14),
(NOW(), 9, 7, 34, 14), (NOW(), 10, 7, 35, 14), (NOW(), 11, 7, 34, 14), (NOW(), 12, 7, 35, 14),
(NOW(), 13, 7, 34, 14), (NOW(), 14, 7, 35, 14), (NOW(), 15, 7, 34, 14), (NOW(), 16, 7, 35, 14),
(NOW(), 17, 7, 34, 14), (NOW(), 18, 7, 34, 14), (NOW(), 19, 7, 34, 14), (NOW(), 20, 7, 35, 14),
(NOW(), 21, 7, 34, 14), (NOW(), 22, 7, 35, 14), (NOW(), 23, 7, 34, 14), (NOW(), 24, 7, 34, 14),
(NOW(), 25, 7, 34, 14), (NOW(), 26, 7, 35, 14), (NOW(), 27, 7, 34, 14), (NOW(), 28, 7, 35, 14),
(NOW(), 29, 7, 34, 14), (NOW(), 30, 7, 35, 14), (NOW(), 31, 7, 34, 14), (NOW(), 32, 7, 34, 14),
(NOW(), 33, 7, 34, 14), (NOW(), 34, 7, 35, 14), (NOW(), 35, 7, 34, 14), (NOW(), 36, 7, 35, 14),
(NOW(), 37, 7, 34, 14), (NOW(), 38, 7, 35, 14), (NOW(), 39, 7, 34, 14), (NOW(), 40, 7, 34, 14),
(NOW(), 41, 7, 34, 14), (NOW(), 42, 7, 35, 14), (NOW(), 43, 7, 34, 14), (NOW(), 44, 7, 35, 14),
(NOW(), 45, 7, 34, 14), (NOW(), 46, 7, 35, 14), (NOW(), 47, 7, 34, 14), (NOW(), 48, 7, 35, 14),
(NOW(), 49, 7, 34, 14), (NOW(), 50, 7, 35, 14), (NOW(), 51, 7, 34, 14), (NOW(), 52, 7, 35, 14),
(NOW(), 53, 7, 34, 14), (NOW(), 54, 7, 34, 14), (NOW(), 55, 7, 34, 14), (NOW(), 56, 7, 35, 14),
(NOW(), 57, 7, 34, 14), (NOW(), 58, 7, 35, 14), (NOW(), 59, 7, 34, 14), (NOW(), 60, 7, 35, 14),
(NOW(), 61, 7, 34, 14), (NOW(), 62, 7, 35, 14), (NOW(), 63, 7, 34, 14), (NOW(), 64, 7, 35, 14),
(NOW(), 65, 7, 34, 14), (NOW(), 66, 7, 35, 14), (NOW(), 67, 7, 34, 14), (NOW(), 68, 7, 35, 14),

-- question_id 15: 편향된 결과 (요가 30%, 헬스 40%, 수영 20%, 필라테스 10%)
(NOW(), 1, 7, 36, 15), (NOW(), 2, 7, 37, 15), (NOW(), 3, 7, 36, 15), (NOW(), 4, 7, 37, 15),
(NOW(), 5, 7, 36, 15), (NOW(), 6, 7, 36, 15), (NOW(), 7, 7, 37, 15), (NOW(), 8, 7, 36, 15),
(NOW(), 9, 7, 36, 15), (NOW(), 10, 7, 38, 15), (NOW(), 11, 7, 36, 15), (NOW(), 12, 7, 37, 15),
(NOW(), 13, 7, 36, 15), (NOW(), 14, 7, 39, 15), (NOW(), 15, 7, 36, 15), (NOW(), 16, 7, 37, 15),
(NOW(), 17, 7, 36, 15), (NOW(), 18, 7, 36, 15), (NOW(), 19, 7, 36, 15), (NOW(), 20, 7, 37, 15),
(NOW(), 21, 7, 36, 15), (NOW(), 22, 7, 37, 15), (NOW(), 23, 7, 36, 15), (NOW(), 24, 7, 38, 15),
(NOW(), 25, 7, 36, 15), (NOW(), 26, 7, 36, 15), (NOW(), 27, 7, 36, 15), (NOW(), 28, 7, 37, 15),
(NOW(), 29, 7, 36, 15), (NOW(), 30, 7, 38, 15), (NOW(), 31, 7, 36, 15), (NOW(), 32, 7, 36, 15),
(NOW(), 33, 7, 36, 15), (NOW(), 34, 7, 37, 15), (NOW(), 35, 7, 36, 15), (NOW(), 36, 7, 39, 15),
(NOW(), 37, 7, 36, 15), (NOW(), 38, 7, 37, 15), (NOW(), 39, 7, 36, 15), (NOW(), 40, 7, 38, 15),
(NOW(), 41, 7, 36, 15), (NOW(), 42, 7, 37, 15), (NOW(), 43, 7, 36, 15), (NOW(), 44, 7, 38, 15),
(NOW(), 45, 7, 36, 15), (NOW(), 46, 7, 37, 15), (NOW(), 47, 7, 36, 15), (NOW(), 48, 7, 39, 15),
(NOW(), 49, 7, 36, 15), (NOW(), 50, 7, 38, 15), (NOW(), 51, 7, 36, 15), (NOW(), 52, 7, 39, 15),
(NOW(), 53, 7, 36, 15), (NOW(), 54, 7, 36, 15), (NOW(), 55, 7, 36, 15), (NOW(), 56, 7, 39, 15),
(NOW(), 57, 7, 36, 15), (NOW(), 58, 7, 37, 15), (NOW(), 59, 7, 36, 15), (NOW(), 60, 7, 38, 15),
(NOW(), 61, 7, 36, 15), (NOW(), 62, 7, 39, 15), (NOW(), 63, 7, 36, 15), (NOW(), 64, 7, 37, 15),
(NOW(), 65, 7, 36, 15), (NOW(), 66, 7, 38, 15), (NOW(), 67, 7, 36, 15), (NOW(), 68, 7, 39, 15),

-- question_id 16: 편향된 결과 (프로그램 접근성 60%, 비용 부담 25%, 강사 수준 15%)
(NOW(), 1, 7, 40, 16), (NOW(), 2, 7, 40, 16), (NOW(), 3, 7, 41, 16), (NOW(), 4, 7, 40, 16),
(NOW(), 5, 7, 40, 16), (NOW(), 6, 7, 40, 16), (NOW(), 7, 7, 41, 16), (NOW(), 8, 7, 40, 16),
(NOW(), 9, 7, 40, 16), (NOW(), 10, 7, 41, 16), (NOW(), 11, 7, 40, 16), (NOW(), 12, 7, 41, 16),
(NOW(), 13, 7, 40, 16), (NOW(), 14, 7, 40, 16), (NOW(), 15, 7, 40, 16), (NOW(), 16, 7, 41, 16),
(NOW(), 17, 7, 40, 16), (NOW(), 18, 7, 40, 16), (NOW(), 19, 7, 40, 16), (NOW(), 20, 7, 41, 16),
(NOW(), 21, 7, 40, 16), (NOW(), 22, 7, 41, 16), (NOW(), 23, 7, 40, 16), (NOW(), 24, 7, 40, 16),
(NOW(), 25, 7, 40, 16), (NOW(), 26, 7, 41, 16), (NOW(), 27, 7, 40, 16), (NOW(), 28, 7, 42, 16),
(NOW(), 29, 7, 40, 16), (NOW(), 30, 7, 41, 16), (NOW(), 31, 7, 40, 16), (NOW(), 32, 7, 40, 16),
(NOW(), 33, 7, 40, 16), (NOW(), 34, 7, 42, 16), (NOW(), 35, 7, 40, 16), (NOW(), 36, 7, 41, 16),
(NOW(), 37, 7, 40, 16), (NOW(), 38, 7, 41, 16), (NOW(), 39, 7, 40, 16), (NOW(), 40, 7, 40, 16),
(NOW(), 41, 7, 40, 16), (NOW(), 42, 7, 41, 16), (NOW(), 43, 7, 40, 16), (NOW(), 44, 7, 41, 16),
(NOW(), 45, 7, 40, 16), (NOW(), 46, 7, 42, 16), (NOW(), 47, 7, 40, 16), (NOW(), 48, 7, 41, 16),
(NOW(), 49, 7, 40, 16), (NOW(), 50, 7, 41, 16), (NOW(), 51, 7, 40, 16), (NOW(), 52, 7, 42, 16),
(NOW(), 53, 7, 40, 16), (NOW(), 54, 7, 40, 16), (NOW(), 55, 7, 40, 16), (NOW(), 56, 7, 42, 16),
(NOW(), 57, 7, 40, 16), (NOW(), 58, 7, 41, 16), (NOW(), 59, 7, 40, 16), (NOW(), 60, 7, 42, 16),
(NOW(), 61, 7, 40, 16), (NOW(), 62, 7, 42, 16), (NOW(), 63, 7, 40, 16), (NOW(), 64, 7, 41, 16),
(NOW(), 65, 7, 40, 16), (NOW(), 66, 7, 42, 16), (NOW(), 67, 7, 40, 16), (NOW(), 68, 7, 42, 16);

-- 투표 8: 질문 2개에 대한 결과 (48명의 참여자)
INSERT INTO vote_res (vote_date, user_id, vote_id, option_id, question_id)
VALUES
-- question_id 17: 편향된 결과 (찬성 80%, 반대 20%)
(NOW(), 1, 8, 43, 17), (NOW(), 2, 8, 44, 17), (NOW(), 3, 8, 43, 17), (NOW(), 4, 8, 44, 17),
(NOW(), 5, 8, 43, 17), (NOW(), 6, 8, 43, 17), (NOW(), 7, 8, 44, 17), (NOW(), 8, 8, 43, 17),
(NOW(), 9, 8, 43, 17), (NOW(), 10, 8, 44, 17), (NOW(), 11, 8, 43, 17), (NOW(), 12, 8, 44, 17),
(NOW(), 13, 8, 43, 17), (NOW(), 14, 8, 43, 17), (NOW(), 15, 8, 43, 17), (NOW(), 16, 8, 44, 17),
(NOW(), 17, 8, 43, 17), (NOW(), 18, 8, 43, 17), (NOW(), 19, 8, 43, 17), (NOW(), 20, 8, 44, 17),
(NOW(), 21, 8, 43, 17), (NOW(), 22, 8, 43, 17), (NOW(), 23, 8, 43, 17), (NOW(), 24, 8, 44, 17),
(NOW(), 25, 8, 43, 17), (NOW(), 26, 8, 43, 17), (NOW(), 27, 8, 43, 17), (NOW(), 28, 8, 44, 17),
(NOW(), 29, 8, 43, 17), (NOW(), 30, 8, 44, 17), (NOW(), 31, 8, 43, 17), (NOW(), 32, 8, 43, 17),
(NOW(), 33, 8, 43, 17), (NOW(), 34, 8, 44, 17), (NOW(), 35, 8, 43, 17), (NOW(), 36, 8, 44, 17),
(NOW(), 37, 8, 43, 17), (NOW(), 38, 8, 44, 17), (NOW(), 39, 8, 43, 17), (NOW(), 40, 8, 43, 17),
(NOW(), 41, 8, 43, 17), (NOW(), 42, 8, 44, 17), (NOW(), 43, 8, 43, 17), (NOW(), 44, 8, 44, 17),
(NOW(), 45, 8, 43, 17), (NOW(), 46, 8, 44, 17), (NOW(), 47, 8, 43, 17), (NOW(), 48, 8, 44, 17),

-- question_id 18: 편향된 결과 (놀이기구 추가 65%, 안전 시설 강화 25%, 주차장과의 거리 조정 10%)
(NOW(), 1, 8, 45, 18), (NOW(), 2, 8, 46, 18), (NOW(), 3, 8, 45, 18), (NOW(), 4, 8, 47, 18),
(NOW(), 5, 8, 45, 18), (NOW(), 6, 8, 45, 18), (NOW(), 7, 8, 46, 18), (NOW(), 8, 8, 45, 18),
(NOW(), 9, 8, 45, 18), (NOW(), 10, 8, 46, 18), (NOW(), 11, 8, 45, 18), (NOW(), 12, 8, 47, 18),
(NOW(), 13, 8, 45, 18), (NOW(), 14, 8, 45, 18), (NOW(), 15, 8, 45, 18), (NOW(), 16, 8, 46, 18),
(NOW(), 17, 8, 45, 18), (NOW(), 18, 8, 45, 18), (NOW(), 19, 8, 45, 18), (NOW(), 20, 8, 46, 18),
(NOW(), 21, 8, 45, 18), (NOW(), 22, 8, 45, 18), (NOW(), 23, 8, 45, 18), (NOW(), 24, 8, 46, 18),
(NOW(), 25, 8, 45, 18), (NOW(), 26, 8, 45, 18), (NOW(), 27, 8, 45, 18), (NOW(), 28, 8, 46, 18),
(NOW(), 29, 8, 45, 18), (NOW(), 30, 8, 47, 18), (NOW(), 31, 8, 45, 18), (NOW(), 32, 8, 45, 18),
(NOW(), 33, 8, 45, 18), (NOW(), 34, 8, 46, 18), (NOW(), 35, 8, 45, 18), (NOW(), 36, 8, 46, 18),
(NOW(), 37, 8, 45, 18), (NOW(), 38, 8, 46, 18), (NOW(), 39, 8, 45, 18), (NOW(), 40, 8, 45, 18),
(NOW(), 41, 8, 45, 18), (NOW(), 42, 8, 46, 18), (NOW(), 43, 8, 45, 18), (NOW(), 44, 8, 46, 18),
(NOW(), 45, 8, 45, 18), (NOW(), 46, 8, 46, 18), (NOW(), 47, 8, 45, 18), (NOW(), 48, 8, 47, 18);

-- 투표 9: 질문 2개에 대한 결과 (76명의 참여자)
INSERT INTO vote_res (vote_date, user_id, vote_id, option_id, question_id)
VALUES
-- question_id 19: 편향된 결과 (찬성 85%, 반대 15%)
(NOW(), 1, 9, 48, 19), (NOW(), 2, 9, 49, 19), (NOW(), 3, 9, 48, 19), (NOW(), 4, 9, 49, 19),
(NOW(), 5, 9, 48, 19), (NOW(), 6, 9, 48, 19), (NOW(), 7, 9, 49, 19), (NOW(), 8, 9, 48, 19),
(NOW(), 9, 9, 48, 19), (NOW(), 10, 9, 49, 19), (NOW(), 11, 9, 48, 19), (NOW(), 12, 9, 49, 19),
(NOW(), 13, 9, 48, 19), (NOW(), 14, 9, 48, 19), (NOW(), 15, 9, 48, 19), (NOW(), 16, 9, 49, 19),
(NOW(), 17, 9, 48, 19), (NOW(), 18, 9, 48, 19), (NOW(), 19, 9, 48, 19), (NOW(), 20, 9, 49, 19),
(NOW(), 21, 9, 48, 19), (NOW(), 22, 9, 48, 19), (NOW(), 23, 9, 48, 19), (NOW(), 24, 9, 49, 19),
(NOW(), 25, 9, 48, 19), (NOW(), 26, 9, 48, 19), (NOW(), 27, 9, 48, 19), (NOW(), 28, 9, 49, 19),
(NOW(), 29, 9, 48, 19), (NOW(), 30, 9, 49, 19), (NOW(), 31, 9, 48, 19), (NOW(), 32, 9, 48, 19),
(NOW(), 33, 9, 48, 19), (NOW(), 34, 9, 49, 19), (NOW(), 35, 9, 48, 19), (NOW(), 36, 9, 49, 19),
(NOW(), 37, 9, 48, 19), (NOW(), 38, 9, 49, 19), (NOW(), 39, 9, 48, 19), (NOW(), 40, 9, 48, 19),
(NOW(), 41, 9, 48, 19), (NOW(), 42, 9, 49, 19), (NOW(), 43, 9, 48, 19), (NOW(), 44, 9, 49, 19),
(NOW(), 45, 9, 48, 19), (NOW(), 46, 9, 49, 19), (NOW(), 47, 9, 48, 19), (NOW(), 48, 9, 49, 19),
(NOW(), 49, 9, 48, 19), (NOW(), 50, 9, 49, 19), (NOW(), 51, 9, 48, 19), (NOW(), 52, 9, 49, 19),
(NOW(), 53, 9, 48, 19), (NOW(), 54, 9, 48, 19), (NOW(), 55, 9, 48, 19), (NOW(), 56, 9, 49, 19),
(NOW(), 57, 9, 48, 19), (NOW(), 58, 9, 49, 19), (NOW(), 59, 9, 48, 19), (NOW(), 60, 9, 49, 19),
(NOW(), 61, 9, 48, 19), (NOW(), 62, 9, 49, 19), (NOW(), 63, 9, 48, 19), (NOW(), 64, 9, 49, 19),
(NOW(), 65, 9, 48, 19), (NOW(), 66, 9, 49, 19), (NOW(), 67, 9, 48, 19), (NOW(), 68, 9, 49, 19),
(NOW(), 69, 9, 48, 19), (NOW(), 70, 9, 49, 19), (NOW(), 71, 9, 48, 19), (NOW(), 72, 9, 49, 19),
(NOW(), 73, 9, 48, 19), (NOW(), 74, 9, 49, 19), (NOW(), 75, 9, 48, 19), (NOW(), 76, 9, 49, 19),

-- question_id 20: 편향된 결과 (식료품점 40%, 카페 30%, 피트니스 센터 20%, 세탁소 10%)
(NOW(), 1, 9, 51, 20), (NOW(), 2, 9, 50, 20), (NOW(), 3, 9, 51, 20), (NOW(), 4, 9, 52, 20),
(NOW(), 5, 9, 51, 20), (NOW(), 6, 9, 51, 20), (NOW(), 7, 9, 50, 20), (NOW(), 8, 9, 51, 20),
(NOW(), 9, 9, 51, 20), (NOW(), 10, 9, 53, 20), (NOW(), 11, 9, 51, 20), (NOW(), 12, 9, 52, 20),
(NOW(), 13, 9, 51, 20), (NOW(), 14, 9, 51, 20), (NOW(), 15, 9, 51, 20), (NOW(), 16, 9, 50, 20),
(NOW(), 17, 9, 51, 20), (NOW(), 18, 9, 51, 20), (NOW(), 19, 9, 51, 20), (NOW(), 20, 9, 50, 20),
(NOW(), 21, 9, 51, 20), (NOW(), 22, 9, 50, 20), (NOW(), 23, 9, 51, 20), (NOW(), 24, 9, 51, 20),
(NOW(), 25, 9, 51, 20), (NOW(), 26, 9, 50, 20), (NOW(), 27, 9, 51, 20), (NOW(), 28, 9, 53, 20),
(NOW(), 29, 9, 51, 20), (NOW(), 30, 9, 52, 20), (NOW(), 31, 9, 51, 20), (NOW(), 32, 9, 51, 20),
(NOW(), 33, 9, 51, 20), (NOW(), 34, 9, 50, 20), (NOW(), 35, 9, 51, 20), (NOW(), 36, 9, 53, 20),
(NOW(), 37, 9, 51, 20), (NOW(), 38, 9, 52, 20), (NOW(), 39, 9, 51, 20), (NOW(), 40, 9, 50, 20),
(NOW(), 41, 9, 51, 20), (NOW(), 42, 9, 53, 20), (NOW(), 43, 9, 51, 20), (NOW(), 44, 9, 50, 20),
(NOW(), 45, 9, 51, 20), (NOW(), 46, 9, 53, 20), (NOW(), 47, 9, 51, 20), (NOW(), 48, 9, 50, 20),
(NOW(), 49, 9, 51, 20), (NOW(), 50, 9, 52, 20), (NOW(), 51, 9, 51, 20), (NOW(), 52, 9, 50, 20),
(NOW(), 53, 9, 51, 20), (NOW(), 54, 9, 50, 20), (NOW(), 55, 9, 51, 20), (NOW(), 56, 9, 53, 20),
(NOW(), 57, 9, 51, 20), (NOW(), 58, 9, 52, 20), (NOW(), 59, 9, 51, 20), (NOW(), 60, 9, 50, 20),
(NOW(), 61, 9, 51, 20), (NOW(), 62, 9, 53, 20), (NOW(), 63, 9, 51, 20), (NOW(), 64, 9, 52, 20),
(NOW(), 65, 9, 51, 20), (NOW(), 66, 9, 50, 20), (NOW(), 67, 9, 51, 20), (NOW(), 68, 9, 53, 20),
(NOW(), 69, 9, 51, 20), (NOW(), 70, 9, 52, 20), (NOW(), 71, 9, 51, 20), (NOW(), 72, 9, 50, 20),
(NOW(), 73, 9, 51, 20), (NOW(), 74, 9, 53, 20), (NOW(), 75, 9, 51, 20), (NOW(), 76, 9, 52, 20);

-- 투표 10: 질문 2개에 대한 결과 (56명의 참여자)
INSERT INTO vote_res (vote_date, user_id, vote_id, option_id, question_id)
VALUES
-- question_id 21: 편향된 결과 (찬성 75%, 반대 25%)
(NOW(), 1, 10, 54, 21), (NOW(), 2, 10, 55, 21), (NOW(), 3, 10, 54, 21), (NOW(), 4, 10, 55, 21),
(NOW(), 5, 10, 54, 21), (NOW(), 6, 10, 54, 21), (NOW(), 7, 10, 55, 21), (NOW(), 8, 10, 54, 21),
(NOW(), 9, 10, 54, 21), (NOW(), 10, 10, 55, 21), (NOW(), 11, 10, 54, 21), (NOW(), 12, 10, 55, 21),
(NOW(), 13, 10, 54, 21), (NOW(), 14, 10, 54, 21), (NOW(), 15, 10, 54, 21), (NOW(), 16, 10, 55, 21),
(NOW(), 17, 10, 54, 21), (NOW(), 18, 10, 54, 21), (NOW(), 19, 10, 54, 21), (NOW(), 20, 10, 55, 21),
(NOW(), 21, 10, 54, 21), (NOW(), 22, 10, 54, 21), (NOW(), 23, 10, 54, 21), (NOW(), 24, 10, 55, 21),
(NOW(), 25, 10, 54, 21), (NOW(), 26, 10, 54, 21), (NOW(), 27, 10, 54, 21), (NOW(), 28, 10, 55, 21),
(NOW(), 29, 10, 54, 21), (NOW(), 30, 10, 55, 21), (NOW(), 31, 10, 54, 21), (NOW(), 32, 10, 54, 21),
(NOW(), 33, 10, 54, 21), (NOW(), 34, 10, 55, 21), (NOW(), 35, 10, 54, 21), (NOW(), 36, 10, 55, 21),
(NOW(), 37, 10, 54, 21), (NOW(), 38, 10, 55, 21), (NOW(), 39, 10, 54, 21), (NOW(), 40, 10, 54, 21),
(NOW(), 41, 10, 54, 21), (NOW(), 42, 10, 55, 21), (NOW(), 43, 10, 54, 21), (NOW(), 44, 10, 55, 21),
(NOW(), 45, 10, 54, 21), (NOW(), 46, 10, 55, 21), (NOW(), 47, 10, 54, 21), (NOW(), 48, 10, 55, 21),
(NOW(), 49, 10, 54, 21), (NOW(), 50, 10, 55, 21), (NOW(), 51, 10, 54, 21), (NOW(), 52, 10, 55, 21),
(NOW(), 53, 10, 54, 21), (NOW(), 54, 10, 54, 21), (NOW(), 55, 10, 54, 21), (NOW(), 56, 10, 55, 21),

-- question_id 22: 편향된 결과 (보관소 접근성 70%, 보안 시스템 20%, 공간 부족 해결 10%)
(NOW(), 1, 10, 56, 22), (NOW(), 2, 10, 57, 22), (NOW(), 3, 10, 56, 22), (NOW(), 4, 10, 58, 22),
(NOW(), 5, 10, 56, 22), (NOW(), 6, 10, 56, 22), (NOW(), 7, 10, 57, 22), (NOW(), 8, 10, 56, 22),
(NOW(), 9, 10, 56, 22), (NOW(), 10, 10, 58, 22), (NOW(), 11, 10, 56, 22), (NOW(), 12, 10, 57, 22),
(NOW(), 13, 10, 56, 22), (NOW(), 14, 10, 56, 22), (NOW(), 15, 10, 56, 22), (NOW(), 16, 10, 57, 22),
(NOW(), 17, 10, 56, 22), (NOW(), 18, 10, 56, 22), (NOW(), 19, 10, 56, 22), (NOW(), 20, 10, 58, 22),
(NOW(), 21, 10, 56, 22), (NOW(), 22, 10, 56, 22), (NOW(), 23, 10, 56, 22), (NOW(), 24, 10, 57, 22),
(NOW(), 25, 10, 56, 22), (NOW(), 26, 10, 56, 22), (NOW(), 27, 10, 56, 22), (NOW(), 28, 10, 57, 22),
(NOW(), 29, 10, 56, 22), (NOW(), 30, 10, 58, 22), (NOW(), 31, 10, 56, 22), (NOW(), 32, 10, 56, 22),
(NOW(), 33, 10, 56, 22), (NOW(), 34, 10, 57, 22), (NOW(), 35, 10, 56, 22), (NOW(), 36, 10, 58, 22),
(NOW(), 37, 10, 56, 22), (NOW(), 38, 10, 57, 22), (NOW(), 39, 10, 56, 22), (NOW(), 40, 10, 56, 22),
(NOW(), 41, 10, 56, 22), (NOW(), 42, 10, 57, 22), (NOW(), 43, 10, 56, 22), (NOW(), 44, 10, 57, 22),
(NOW(), 45, 10, 56, 22), (NOW(), 46, 10, 57, 22), (NOW(), 47, 10, 56, 22), (NOW(), 48, 10, 58, 22),
(NOW(), 49, 10, 56, 22), (NOW(), 50, 10, 58, 22), (NOW(), 51, 10, 56, 22), (NOW(), 52, 10, 57, 22),
(NOW(), 53, 10, 56, 22), (NOW(), 54, 10, 56, 22), (NOW(), 55, 10, 56, 22), (NOW(), 56, 10, 58, 22);

